Item_name,Warranty Period(Years),Screen Size,Cpu,Ram,Gpu,OpSys,Weight,Price,Label of Model,Label number,Category
Asus E402WA-GA010T (E2-6110/2GB/32GB/W10) Notebook,1,14,A,2,Q,WI,1.65,15430,Dell Inspiron 3565 Laptop,1,Home User
Acer Chromebook C910-C2ST Notebook,1,15.6,A,2,P,CH,2.19,15430,Dell Inspiron 3565 Laptop,1,Home User
Vero K146 (N3350/4GB/32GB/W10) Notebook,1,14,A,4,P,WI,1.22,15733,Dell Inspiron 3565 Laptop,1,Home User
Asus A541NA-GO342 (N3350/4GB/500GB/LI) Notebook,1,15.6,A,4,P,LI,2,17369,Dell Inspiron 3565 Laptop,1,Home User
HP Stream 14-AX040wm Notebook,3,14,A,4,P,WI,1.44,17757,Dell Inspiron 3565 Laptop,1,Home User
Mediacom SmartBook 140 Notebook,1,14,A,2,P,WI,1.4,18532,Dell Inspiron 3565 Laptop,1,Home User
Asus VivoBook E12 Netbook,1,11.6,A,2,P,WI,1.1,18997,Dell Inspiron 3565 Laptop,1,Home User
"Chuwi LapBook 15.6"" Notebook",1,15.6,A,4,P,WI,1.89,18997,Dell Inspiron 3565 Laptop,1,Home User
"Chuwi Lapbook 15,6 Notebook",1,15.6,A,4,P,WI,1.89,19300,Dell Inspiron 3565 Laptop,1,Home User
Mediacom SmartBook 141 Notebook,3,14,A,4,P,WI,1.4,19307,Dell Inspiron 3565 Laptop,1,Home User
Lenovo IdeaPad 100S-14IBR Notebook,1,14,A,2,P,WI,1.42,19307,Dell Inspiron 3565 Laptop,1,Home User
Lenovo IdeaPad 120S-14IAP Notebook,1,14,A,4,P,WI,1.44,19307,Dell Inspiron 3565 Laptop,1,Home User
Lenovo V110-15IAP (N3350/4GB/1TB/No Notebook,1,15.6,A,4,P,NO,1.9,19568,Dell Inspiron 3565 Laptop,1,Home User
Mediacom SmartBook 130 Notebook,1,13.3,A,4,P,WI,1.35,19773,Dell Inspiron 3565 Laptop,1,Home User
HP 255 G6 Notebook,1,15.6,A,4,P,NO,1.86,20005,Dell Inspiron 3565 Laptop,1,Home User
HP 250 G6 Notebook,1,15.6,A,4,P,NO,1.86,20083,Dell Inspiron 3565 Laptop,1,Home User
Vero K147 (N3350/4GB/32GB/FHD/W10) Notebook,1,14,A,4,P,WI,1.3,20160,Dell Inspiron 3565 Laptop,1,Home User
Lenovo Chromebook N23 Netbook,1,11.6,A,4,P,CH,1.25,20548,Dell Inspiron 3565 Laptop,1,Home User
Mediacom Smartbook 142 Notebook,3,14,A,4,P,WI,1.4,20548,Dell Inspiron 3565 Laptop,1,Home User
Samsung Chromebook 3 Netbook,1,11.6,A,4,P,CH,1.15,20858,Dell Inspiron 3565 Laptop,1,Home User
Acer TravelMate B117-M Netbook,1,11.6,A,4,P,WI,1.4,20858,Dell Inspiron 3565 Laptop,1,Home User
Lenovo V110-15IAP (N3350/4GB/128GB/No Notebook,1,15.6,A,4,P,NO,1.9,20984,Dell Inspiron 3565 Laptop,1,Home User
Lenovo IdeaPad 100S-14IBR Notebook,1,14,A,4,P,WI,1.43,21246,Dell Inspiron 3565 Laptop,1,Home User
Dell Inspiron 3552 Notebook,1,15.6,A,4,P,LI,2.2,21316,Dell Inspiron 3565 Laptop,1,Home User
Asus X541NA (N3350/4GB/1TB/LI) Notebook,1,15.6,A,4,P,LI,2,21323,Dell Inspiron 3565 Laptop,1,Home User
Asus VivoBook Flip 2 in 1 Convertible,1,11.6,A,2,P,WI,1.1,21324,Dell Inspiron 3565 Laptop,1,Home User
Asus E402WA-GA007T (E2-6110/4GB/64GB/W10 Notebook,1,14,A,4,Q,WI,1.65,21555,Dell Inspiron 3565 Laptop,1,Home User
HP Stream 14-AX001nv Notebook,1,14,A,2,P,WI,1.44,21634,Dell Inspiron 3565 Laptop,1,Home User
Asus VivoBook E403NA Notebook,1,14,A,4,P,WI,1.5,22176,Dell Inspiron 3565 Laptop,1,Home User
HP 250 G6 Notebook,2,15.6,A,4,P,NO,1.86,22401,Dell Inspiron 3565 Laptop,1,Home User
Lenovo IdeaPad 120S-14IAP Notebook,1,14,A,4,P,WI,1.44,22642,Dell Inspiron 3565 Laptop,1,Home User
Dell Chromebook 11 Netbook,1,11.6,A,4,P,CH,1.26,22874,Dell Inspiron 3565 Laptop,1,Home User
Acer Chromebook C731-C78G Netbook,2,11.6,A,4,P,CH,1.25,23029,Dell Inspiron 3565 Laptop,1,Home User
Asus VivoBook E403NA Notebook,1,14,A,4,P,WI,1.5,23107,Dell Inspiron 3565 Laptop,1,Home User
Acer Aspire A315-31 Notebook,1,15.6,A,4,Q,LI,2.1,23107,Dell Inspiron 3565 Laptop,1,Home User
Lenovo 110-15ACL (A6-7310/4GB/500GB/W10) Notebook,3,15.6,A,4,Q,WI,2.19,23107,Dell Inspiron 3565 Laptop,1,Home User
Mediacom FlexBook Edge 2 in 1 Convertible,1,11.6,A,4,P,WI,1.16,23184,Dell Inspiron 3565 Laptop,1,Home User
Lenovo IdeaPad 320-14IAP Notebook,1,14,A,4,P,WI,2.1,23184,Dell Inspiron 3565 Laptop,1,Home User
Asus R417NA-RS01 (N3350/4GB/32GB/W10) Notebook,1,14,A,4,P,WI,1.63,23184,Dell Inspiron 3565 Laptop,1,Home User
HP 250 G6 Notebook,3,15.6,A,4,P,NO,1.86,23184,Dell Inspiron 3565 Laptop,1,Home User
Asus X541NA-PD1003Y (N4200/4GB/500GB/W10) Notebook,1,15.6,A,4,P,WI,2,23572,Dell Inspiron 3565 Laptop,1,Home User
Lenovo Lenovo IdeaPad Notebook,1,11.6,A,2,P,WI,1.15,23607,Dell Inspiron 3565 Laptop,1,Home User
Lenovo IdeaPad 320-15IAP Notebook,1,15.6,A,4,P,WI,2.2,23727,Dell Inspiron 3565 Laptop,1,Home User
Dell Inspiron 3552 Notebook,1,15.6,A,4,P,WI,1.8,23960,Dell Inspiron 3565 Laptop,1,Home User
Lenovo IdeaPad 320-15AST Notebook,1,15.6,A,4,Q,NO,2.2,23960,Dell Inspiron 3565 Laptop,1,Home User
Lenovo IdeaPad 320-15IAP Notebook,2,15.6,A,4,Q,WI,2.2,23960,Dell Inspiron 3565 Laptop,1,Home User
Lenovo V110-15ISK (3855U/4GB/500GB/W10) Notebook,3,15.6,A,4,Q,WI,2.1,24658,Dell Inspiron 3565 Laptop,1,Home User
Lenovo IdeaPad 320-15IAP Notebook,1,15.6,A,4,P,NO,2.2,24967,Dell Inspiron 3565 Laptop,1,Home User
Lenovo N42-20 Chromebook Notebook,2,14,A,4,P,CH,1.5,25201,Dell Inspiron 3467 Laptop,2,Home User
Acer Aspire 1 Notebook,1,14,A,4,P,WI,1.6,25511,Dell Inspiron 3467 Laptop,2,Home User
Lenovo IdeaPad 110-15IBR Notebook,1,15.6,A,8,P,NO,2.2,25511,Dell Inspiron 3467 Laptop,2,Home User
Acer Chromebook 14 Notebook,1,14,A,2,P,CH,1.68,25588,Dell Inspiron 3467 Laptop,2,Home User
HP 15-rb013nv (E2-9000e/4GB/500GB/W10) Notebook,1,15.6,A,4,Q,WI,2.1,25588,Dell Inspiron 3467 Laptop,2,Home User
Asus VivoBook E201NA Netbook,0,11.6,A,4,P,WI,1.2,26364,Dell Inspiron 3467 Laptop,2,Home User
Asus X541NA (N3350/4GB/1TB/FHD/W10) Notebook,1,15.6,A,4,P,WI,2,26674,Dell Inspiron 3467 Laptop,2,Home User
Lenovo IdeaPad 320-15IAP Notebook,1,15.6,A,4,P,WI,2.2,26674,Dell Inspiron 3467 Laptop,2,Home User
HP 250 G6 Notebook,1,15.6,A,4,R,NO,1.86,26751,Dell Inspiron 3467 Laptop,2,Home User
HP 15-ra044nv (N3060/4GB/500GB/W10) Notebook,1,15.6,A,4,P,WI,2.1,26906,Dell Inspiron 3467 Laptop,2,Home User
Asus VivoBook L402NA Notebook,1,14.1,A,4,P,WI,1.65,26984,Dell Inspiron 3467 Laptop,2,Home User
Acer Aspire A315-31 Notebook,3,15.6,A,4,P,WI,2.1,26984,Dell Inspiron 3467 Laptop,2,Home User
Acer Spin SP111-31 2 in 1 Convertible,1,11.6,A,4,P,WI,1.25,27061,Dell Inspiron 3467 Laptop,2,Home User
Acer Chromebook 14 Notebook,3,14,A,4,P,CH,1.68,27061,Dell Inspiron 3467 Laptop,2,Home User
Acer Swift SF114-31-P5HY Notebook,1,14,A,4,P,WI,1.6,27061,Dell Inspiron 3467 Laptop,2,Home User
Lenovo IdeaPad 320-15IAP Notebook,1,15.6,A,4,P,WI,2.2,27061,Dell Inspiron 3467 Laptop,2,Home User
HP 15-bw000nv (E2-9000e/4GB/500GB/Radeon Notebook,3,15.6,A,4,Q,WI,2.1,27061,Dell Inspiron 3467 Laptop,2,Home User
Asus VivoBook X540YA-XX519T Notebook,1,15.6,A,4,Q,WI,2,27061,Dell Inspiron 3467 Laptop,2,Home User
Lenovo IdeaPad 320-15AST Notebook,3,15.6,A,4,Q,WI,2.2,27061,Dell Inspiron 3467 Laptop,2,Home User
HP 15-bs018nq (i3-6006U/4GB/500GB/FHD/No Notebook,1,15.6,A,4,R,NO,2.1,27061,Dell Inspiron 3467 Laptop,2,Home User
Acer Chromebook 11 Netbook,3,11.6,A,4,P,CH,1.35,27527,Dell Inspiron 3467 Laptop,2,Home User
Acer Chromebook CB5-571-C1DZ Notebook,1,15.6,A,4,P,CH,2.2,27837,Dell Inspiron 3467 Laptop,2,Home User
Dell Inspiron 3567 Notebook,1,15.6,A,4,R,LI,2.25,27837,Dell Inspiron 3467 Laptop,2,Home User
Lenovo IdeaPad 320-15IAP Notebook,1,15.6,A,4,P,NO,2.2,27914,Dell Inspiron 3467 Laptop,2,Home User
Acer Aspire 3 Notebook,3,15.6,A,4,Q,WI,2.1,28187,Dell Inspiron 3467 Laptop,2,Home User
HP 250 G6 Notebook,1,15.6,A,4,R,NO,1.86,28294,Dell Inspiron 3467 Laptop,2,Home User
Acer Aspire 3 Notebook,1,15.6,B,4,P,LI,2.1,28457,Dell Inspiron 3467 Laptop,2,Home User
Mediacom SmartBook Edge Notebook,1,13.3,A,4,P,WI,1.2,28612,Dell Inspiron 3467 Laptop,2,Home User
Dell Inspiron 3552 Notebook,2,15.6,A,4,P,WI,2.2,28612,Dell Inspiron 3467 Laptop,2,Home User
Lenovo IdeaPad 320-15ISK Notebook,2,15.6,A,4,Q,NO,2.2,28612,Dell Inspiron 3467 Laptop,2,Home User
HP 255 G6 Notebook,1,15.6,A,4,Q,WI,1.86,28612,Dell Inspiron 3467 Laptop,2,Home User
Asus VivoBook Flip 2 in 1 Convertible,1,11.6,A,4,P,WI,1.5,29078,Dell Inspiron 3467 Laptop,2,Home User
Acer Chromebook 14 Notebook,3,14,A,4,Q,CH,1.45,29078,Dell Inspiron 3467 Laptop,2,Home User
Acer CB5-132T-C9KK (N3160/4GB/32GB/Chrome 2 in 1 Convertible,1,11.6,A,4,P,CH,1.25,29388,Dell Inspiron 3467 Laptop,2,Home User
Lenovo IdeaPad 110-17ACL Notebook,1,17.3,A,4,Q,WI,2.8,29388,Dell Inspiron 3467 Laptop,2,Home User
Acer Aspire ES1-533 Notebook,3,15.6,A,4,Q,WI,2.4,29465,Dell Inspiron 3467 Laptop,2,Home User
Acer Aspire 3 Notebook,1,15.6,B,4,P,WI,2.4,29775,Dell Inspiron 3467 Laptop,2,Home User
HP Chromebook 11 Netbook,1,11.6,A,4,P,CH,1.23,29853,Dell Inspiron 3467 Laptop,2,Home User
Acer Chromebook C738T-C2EJ 2 in 1 Convertible,1,11.6,A,4,P,CH,1.25,30163,Dell Inspiron 11 3148 Laptop,3,Student
HP 14-am079na (N3710/8GB/2TB/W10) Notebook,1,14,A,8,P,WI,1.94,30163,Dell Inspiron 11 3148 Laptop,3,Student
Mediacom SmartBook Edge Notebook,1,14,A,4,P,WI,1.45,30163,Dell Inspiron 11 3148 Laptop,3,Student
Acer Aspire E5-475 Notebook,3,14,A,8,R,WI,2.1,30163,Dell Inspiron 11 3148 Laptop,3,Student
Asus X540UA-DM186 (i3-6006U/4GB/1TB/FHD/LI) Notebook,3,15.6,A,4,P,LI,2,30163,Dell Inspiron 11 3148 Laptop,3,Student
HP 15-AY023na (N3710/8GB/2TB/W10) Notebook,1,15.6,A,8,P,WI,2.04,30163,Dell Inspiron 11 3148 Laptop,3,Student
Acer Aspire A315-51 Notebook,1,15.6,A,4,R,LI,2.1,30241,Dell Inspiron 11 3148 Laptop,3,Student
HP 250 G6 Notebook,1,15.6,B,4,R,NO,1.86,30543,Dell Inspiron 11 3148 Laptop,3,Student
Acer Aspire 3 Notebook,1,15.6,B,4,Q,WI,2.1,30628,Dell Inspiron 11 3148 Laptop,3,Student
HP 250 G6 Notebook,1,15.6,A,4,R,WI,1.86,30783,Dell Inspiron 11 3148 Laptop,3,Student
HP 255 G6 Notebook,1,15.6,A,4,Q,WI,1.86,30899,Dell Inspiron 11 3148 Laptop,3,Student
HP 250 G6 Notebook,1,15.6,A,4,P,WI,1.86,30938,Dell Inspiron 11 3148 Laptop,3,Student
Asus X541NA-GO414T (N3350/8GB/1TB/W10) Notebook,3,15.6,A,8,P,WI,2,30938,Dell Inspiron 11 3148 Laptop,3,Student
Asus X541NA-GO121 (N4200/4GB/1TB/LI) Notebook,2,15.6,A,4,Q,LI,2,30938,Dell Inspiron 11 3148 Laptop,3,Student
Lenovo IdeaPad 320-15AST Notebook,1,15.6,A,4,Q,WI,2.2,30938,Dell Inspiron 11 3148 Laptop,3,Student
Lenovo IdeaPad 320-15AST Notebook,1,15.6,B,4,R,WI,2.2,30938,Dell Inspiron 11 3148 Laptop,3,Student
Asus Pro P2540UA-XO0198T Notebook,1,15.6,B,4,R,WI,2.37,30938,Dell Inspiron 11 3148 Laptop,3,Student
Acer Aspire 3 Notebook,1,15.6,B,4,Q,WI,2.1,31016,Dell Inspiron 11 3148 Laptop,3,Student
Asus X555BP-XX180T (A9-9420/4GB/1TB/Radeon Notebook,1,15.6,B,4,Q,WI,2.03,31249,Dell Inspiron 11 3148 Laptop,3,Student
Lenovo V310-15ISK (i3-6006U/4GB/128GB/FHD/No Notebook,1,15.6,A,4,R,NO,1.85,31287,Dell Inspiron 11 3148 Laptop,3,Student
Lenovo IdeaPad 320-15ISK Notebook,1,15.6,A,4,R,WI,2.2,31714,Dell Inspiron 11 3148 Laptop,3,Student
Acer Aspire ES1-572 Notebook,3,15.6,A,4,R,WI,2.4,31853,Dell Inspiron 11 3148 Laptop,3,Student
Acer Aspire 3 Notebook,3,15.6,A,4,Q,LI,2.1,31946,Dell Inspiron 11 3148 Laptop,3,Student
Lenovo Ideapad 310-15ISK Notebook,1,15.6,A,4,R,WI,1.85,32171,Dell Inspiron 11 3148 Laptop,3,Student
Asus X541UA-DM1897 (i3-6006U/4GB/256GB/FHD/LI) Notebook,1,15.6,A,4,R,LI,2,32179,Dell Inspiron 11 3148 Laptop,3,Student
Dell Inspiron 3567 Notebook,1,15.6,A,4,R,WI,2.3,32461,Dell Inspiron 11 3148 Laptop,3,Student
Lenovo Ideapad 320-15IAP Notebook,3,15.6,A,4,P,WI,2.2,32489,Dell Inspiron 11 3148 Laptop,3,Student
Asus L502NA-GO052T (N3350/4GB/128GB/W10) Notebook,1,15.6,A,4,P,WI,1.86,32489,Dell Inspiron 11 3148 Laptop,3,Student
Acer Aspire 3 Notebook,1,15.6,B,4,Q,WI,2.1,33032,Dell Inspiron 11 3148 Laptop,3,Student
Dell Inspiron 3567 Notebook,2,15.6,A,4,Q,LI,2.25,33187,Dell Inspiron 11 3148 Laptop,3,Student
Lenovo IdeaPad 320-15ABR Notebook,3,15.6,B,8,Q,WI,2.2,33265,Dell Inspiron 11 3148 Laptop,3,Student
Acer TravelMate B Netbook,1,11.6,A,4,P,WI,1.4,33730,Dell Inspiron 11 3148 Laptop,3,Student
HP 250 G6 Notebook,1,15.6,A,4,Q,WI,1.86,34016,Dell Inspiron 11 3148 Laptop,3,Student
HP 15-bs002nv (i3-6006U/4GB/128GB/FHD/W10) Notebook,1,15.6,A,4,R,WI,1.91,34040,Dell Inspiron 11 3148 Laptop,3,Student
HP 250 G6 Notebook,1,15.6,A,4,R,WI,1.86,34040,Dell Inspiron 11 3148 Laptop,3,Student
Dell Inspiron 3567 Notebook,1,15.6,B,6,R,WI,2.3,34040,Dell Inspiron 11 3148 Laptop,3,Student
HP 17-ak001nv (A6-9220/4GB/500GB/Radeon Notebook,1,17.3,A,4,R,WI,2.71,34040,Dell Inspiron 11 3148 Laptop,3,Student
Acer Aspire ES1-572 Notebook,1,15.6,B,4,R,LI,2.4,34257,Dell Inspiron 11 3148 Laptop,3,Student
Dell Vostro 3568 Notebook,1,15.6,A,4,R,LI,2.18,34420,Dell Inspiron 11 3148 Laptop,3,Student
Lenovo IdeaPad 320-15ISK Notebook,1,15.6,A,4,R,NO,2.2,34428,Dell Inspiron 11 3148 Laptop,3,Student
HP 15-BW094nd (A6-9220/8GB/128GB/W10) Notebook,1,15.6,A,8,Q,WI,1.91,34575,Dell Inspiron 11 3148 Laptop,3,Student
Toshiba Satellite Pro Notebook,1,15.6,A,4,R,WI,2.1,34660,Dell Inspiron 11 3148 Laptop,3,Student
Acer Aspire A315-51 Notebook,1,15.6,A,4,R,WI,2.1,34660,Dell Inspiron 11 3148 Laptop,3,Student
Chuwi LapBook 12.3 Notebook,1,12.3,A,6,P,WI,1.4,34815,Dell Inspiron 11 3148 Laptop,3,Student
Dell Inspiron 3567 Notebook,1,15.6,A,4,Q,WI,2.2,34815,Dell Inspiron 11 3148 Laptop,3,Student
Asus X541NA (N4200/4GB/1TB/W10) Notebook,1,15.6,A,4,Q,WI,2,34815,Dell Inspiron 11 3148 Laptop,3,Student
Lenovo V310-15ISK (i3-6006U/4GB/1TB/FHD/W10) Notebook,1,15.6,A,4,R,WI,1.85,34815,Dell Inspiron 11 3148 Laptop,3,Student
Acer Aspire A315-51 Notebook,1,15.6,A,4,R,WI,2.1,34815,Dell Inspiron 11 3148 Laptop,3,Student
Lenovo V310-15ISK (i3-6006U/4GB/500GB/No Notebook,3,15.6,A,4,Q,NO,1.9,34893,Dell Inspiron 11 3148 Laptop,3,Student
Acer Extensa EX2540 Notebook,1,15.6,A,4,R,WI,2.4,34893,Dell Inspiron 11 3148 Laptop,3,Student
Acer Aspire 3 Notebook,1,15.6,B,4,Q,WI,2.1,34971,Dell Inspiron 11 3148 Laptop,3,Student
Dell Vostro 3568 Notebook,2,15.6,A,4,Q,LI,2.18,35335,New Inspiron 15 3584 Laptop,4,Student
Lenovo IdeaPad 320-15ISK Notebook,1,15.6,A,8,Q,NO,2.2,35591,New Inspiron 15 3584 Laptop,4,Student
Lenovo IdeaPad 110-15ISK Notebook,1,15.6,A,8,R,WI,2.29,35591,New Inspiron 15 3584 Laptop,4,Student
Dell Inspiron 3567 Notebook,1,15.6,B,8,R,WI,2.3,35591,New Inspiron 15 3584 Laptop,4,Student
Lenovo ThinkPad 13 Notebook,1,13.3,A,4,Q,CH,1.45,35661,New Inspiron 15 3584 Laptop,4,Student
Lenovo V310-15ISK (i5-6200U/4GB/1TB/FHD/No Notebook,1,15.6,B,4,R,NO,2.15,35851,New Inspiron 15 3584 Laptop,4,Student
Dell Vostro 3568 Notebook,1,15.6,A,4,Q,LI,2.18,36056,New Inspiron 15 3584 Laptop,4,Student
Dell Inspiron 3567 Notebook,3,15.6,A,4,Q,LI,2.25,36104,New Inspiron 15 3584 Laptop,4,Student
Asus X751NV-TY001T (N4200/4GB/1TB/GeForce Notebook,2,17.3,A,4,Q,WI,2.8,36134,New Inspiron 15 3584 Laptop,4,Student
Lenovo IdeaPad 320-15IKBN Notebook,1,15.6,B,4,R,NO,2.2,36211,New Inspiron 15 3584 Laptop,4,Student
Lenovo IdeaPad 320-15IKBN Notebook,1,15.6,B,4,R,NO,2.2,36289,New Inspiron 15 3584 Laptop,4,Student
Lenovo IdeaPad 110-15ISK Notebook,2,15.6,A,4,Q,NO,2.2,36366,New Inspiron 15 3584 Laptop,4,Student
HP 15-BS028nv (i3-6006U/4GB/1TB/Radeon Notebook,1,15.6,A,4,Q,WI,2.1,36366,New Inspiron 15 3584 Laptop,4,Student
Acer ES1-523-84K7 (A8-7410/8GB/256GB/FHD/W10) Notebook,1,15.6,A,8,Q,WI,2.23,36366,New Inspiron 15 3584 Laptop,4,Student
Asus X505BP-BR019T (A9-9420/4GB/1TB/Radeon Notebook,1,15.6,B,4,Q,WI,1.68,36366,New Inspiron 15 3584 Laptop,4,Student
Acer Aspire 5 Notebook,1,15.6,A,4,R,WI,2.2,36366,New Inspiron 15 3584 Laptop,4,Student
HP 250 G6 Notebook,1,15.6,A,4,R,WI,1.86,36366,New Inspiron 15 3584 Laptop,4,Student
Asus X751NV-TY001 (N4200/4GB/1TB/GeForce Notebook,1,17.3,A,4,Q,WI,2.8,36470,New Inspiron 15 3584 Laptop,4,Student
Lenovo N23 (N3060/4GB/128GB/W10) Netbook,1,11.6,A,4,P,WI,1.4,36832,New Inspiron 15 3584 Laptop,4,Student
Dell Inspiron 3168 2 in 1 Convertible,1,11.6,A,4,P,WI,1.47,37142,New Inspiron 15 3584 Laptop,4,Student
Lenovo IdeaPad 110-15ISK Notebook,1,15.6,A,4,Q,NO,2.2,37142,New Inspiron 15 3584 Laptop,4,Student
Acer Spin 3 Notebook,1,15.6,B,6,R,WI,2.1,37142,New Inspiron 15 3584 Laptop,4,Student
Acer TravelMate B Notebook,1,11.6,A,4,P,WI,1.4,37607,New Inspiron 15 3584 Laptop,4,Student
Dell Inspiron 3567 Notebook,3,15.6,A,4,Q,LI,2.2,37607,New Inspiron 15 3584 Laptop,4,Student
HP 250 G6 Notebook,1,15.6,B,4,Q,WI,1.86,37893,New Inspiron 15 3584 Laptop,4,Student
HP 15-bw003nv (A9-Series-9420/4GB/256GB/FHD/W10) Notebook,1,15.6,B,4,Q,WI,1.91,37916,New Inspiron 15 3584 Laptop,4,Student
HP 15-BW037na (A9-9420/4GB/1TB/Radeon Notebook,3,15.6,B,4,Q,WI,2.1,37917,New Inspiron 15 3584 Laptop,4,Student
Toshiba Satellite Pro Notebook,1,15.6,B,4,R,WI,2,37917,New Inspiron 15 3584 Laptop,4,Student
Lenovo IdeaPad 110-17ACL Notebook,1,17.3,A,4,Q,WI,2.6,37917,New Inspiron 15 3584 Laptop,4,Student
HP 17-BS037cl (i3-6006U/8GB/1TB/W10) Notebook,1,17.3,A,8,R,WI,2.54,37917,New Inspiron 15 3584 Laptop,4,Student
Lenovo IdeaPad 320-17ISK Notebook,2,17.3,A,4,R,WI,2.8,37917,New Inspiron 15 3584 Laptop,4,Student
Lenovo V310-15IKB (i5-20U/4GB/1TB/No Notebook,3,15.6,B,4,Q,NO,1.9,37987,New Inspiron 15 3584 Laptop,4,Student
Lenovo V110-15ISK (i3-6006U/4GB/500GB/W10) Notebook,3,15.6,A,4,Q,WI,2.1,37987,New Inspiron 15 3584 Laptop,4,Student
Lenovo V110-15ISK (i5-6200U/4GB/128GB/W10) Notebook,1,15.6,B,4,R,WI,2.1,38227,New Inspiron 15 3584 Laptop,4,Student
HP Chromebook X360 2 in 1 Convertible,1,11.6,A,8,P,CH,1.4,38382,New Inspiron 15 3584 Laptop,4,Student
Toshiba Satellite Pro Notebook,3,15.6,A,4,Q,WI,2.1,38615,New Inspiron 15 3584 Laptop,4,Student
Lenovo V110-15IKB (i5-20U/4GB/128GB/W10) Notebook,1,15.6,B,4,R,WI,1.9,38615,New Inspiron 15 3584 Laptop,4,Student
Dell Inspiron 3567 Notebook,1,15.6,A,4,Q,WI,3.2,38685,New Inspiron 15 3584 Laptop,4,Student
Toshiba Satellite Pro Notebook,3,14,A,4,Q,WI,1.75,38692,New Inspiron 15 3584 Laptop,4,Student
Lenovo IdeaPad 320-15ISK Notebook,1,15.6,A,8,Q,NO,2.2,38692,New Inspiron 15 3584 Laptop,4,Student
Lenovo IdeaPad 320-15IKBN Notebook,1,15.6,B,4,Q,NO,2.2,38692,New Inspiron 15 3584 Laptop,4,Student
HP 15-BW004nv (A9-9420/4GB/256GB/Radeon Ultrabook,1,15.6,B,4,Q,WI,1.91,38692,New Inspiron 15 3584 Laptop,4,Student
HP 15-bs005nv (i3-6006U/4GB/1TB Notebook,2,15.6,A,4,Q,WI,2.1,38692,New Inspiron 15 3584 Laptop,4,Student
Lenovo IdeaPad 310-15ABR Notebook,1,15.6,B,6,Q,WI,2.4,38692,New Inspiron 15 3584 Laptop,4,Student
Acer Aspire E5-575 Notebook,2,15.6,B,4,Q,WI,2.4,38692,New Inspiron 15 3584 Laptop,4,Student
Lenovo IdeaPad 320-15IKB Notebook,1,15.6,B,8,R,NO,2.2,38692,New Inspiron 15 3584 Laptop,4,Student
Lenovo IdeaPad 320-15ISK Notebook,1,15.6,A,4,R,WI,2.2,38692,New Inspiron 15 3584 Laptop,4,Student
Asus VivoBook S14 Notebook,1,14,B,4,R,WI,1.3,39468,New Inspiron 15 3584 Laptop,4,Student
Asus VivoBook Max Notebook,1,15.6,B,4,Q,LI,2.1,40243,New Inspiron 15 3584 Laptop,4,Student
Lenovo IdeaPad 320-15IKBN Notebook,3,15.6,B,8,Q,NO,2.2,40243,New Inspiron 15 3584 Laptop,4,Student
Lenovo IdeaPad 320-15AST Notebook,1,17.3,A,8,Q,WI,2.8,40243,New Inspiron 15 3584 Laptop,4,Student
HP 17-AK091ND (A9-9420/8GB/1TB/W10) Notebook,1,17,B,8,Q,WI,2.6,40391,New Inspiron 15 3584 Laptop,4,Student
HP 15-bs190od (i5-8250U/4GB/1TB/W10) Notebook,1,15.6,B,4,Q,WI,2.04,40435,New Inspiron 15 3584 Laptop,4,Student
Asus X542UQ-GO005 (i5-20U/8GB/1TB/GeForce Notebook,1,15.6,B,8,R,LI,2.3,40553,Dell Vostro 15 3578 (A553109WIN9) Laptop ,5,Executive
Lenovo V320-17ISK (i3-6006U/4GB/500GB/FHD/No Notebook,1,17.3,A,4,R,NO,2.8,41019,Dell Vostro 15 3578 (A553109WIN9) Laptop ,5,Executive
Acer Aspire A515-51G-32MX Notebook,1,15.6,B,4,Q,WI,2.2,41096,Dell Vostro 15 3578 (A553109WIN9) Laptop ,5,Executive
Asus X751SV-TY001T (N3710/4GB/1TB/GeForce Notebook,1,17.3,A,4,Q,WI,2.8,41096,Dell Vostro 15 3578 (A553109WIN9) Laptop ,5,Executive
Lenovo IdeaPad 320-15ISK Notebook,3,15.6,B,4,R,WI,2.2,41484,Dell Vostro 15 3578 (A553109WIN9) Laptop ,5,Executive
HP 15-ay047nv (i3-6006U/6GB/1TB/Radeon Notebook,3,15.6,A,6,Q,WI,2.04,41794,Dell Vostro 15 3578 (A553109WIN9) Laptop ,5,Executive
HP 250 G6 Notebook,1,15.6,A,8,R,WI,1.86,41794,Dell Vostro 15 3578 (A553109WIN9) Laptop ,5,Executive
Dell Inspiron 3567 Notebook,1,15.6,B,8,R,WI,2.14,41868,Dell Vostro 15 3578 (A553109WIN9) Laptop ,5,Executive
Acer Aspire E5-576G Notebook,1,15.6,A,4,R,WI,2.23,42182,Dell Vostro 15 3578 (A553109WIN9) Laptop ,5,Executive
HP 17-X047na (i3-6006U/8GB/1TB/W10) Notebook,1,17.3,A,8,R,WI,2.65,42193,Dell Vostro 15 3578 (A553109WIN9) Laptop ,5,Executive
Dell Inspiron 3567 Notebook,3,15.6,A,4,Q,WI,2.2,42311,Dell Vostro 15 3578 (A553109WIN9) Laptop ,5,Executive
Lenovo Ideapad 510S-13IKB Notebook,1,13.3,B,4,R,WI,1.5,42569,Dell Vostro 15 3578 (A553109WIN9) Laptop ,5,Executive
Lenovo V310-15ISK (i5-20U/4GB/1TB/FHD/W10) Notebook,3,15.6,B,4,Q,WI,1.9,42569,Dell Vostro 15 3578 (A553109WIN9) Laptop ,5,Executive
Lenovo IdeaPad 320-15IKBN Notebook,1,15.6,B,8,R,NO,2.2,42569,Dell Vostro 15 3578 (A553109WIN9) Laptop ,5,Executive
Lenovo IdeaPad 320-15IKBN Notebook,1,15.6,B,8,R,NO,2.2,42569,Dell Vostro 15 3578 (A553109WIN9) Laptop ,5,Executive
Lenovo IdeaPad 320-15ABR Notebook,3,15.6,B,6,R,WI,2.2,42569,Dell Vostro 15 3578 (A553109WIN9) Laptop ,5,Executive
Acer Aspire E5-575 Notebook,1,15.6,B,6,R,WI,2.23,42569,Dell Vostro 15 3578 (A553109WIN9) Laptop ,5,Executive
Lenovo Yoga 11e Netbook,1,11.6,A,4,P,WI,1.59,42880,Dell Vostro 15 3578 (A553109WIN9) Laptop ,5,Executive
Dell Inspiron 3567 Notebook,1,15.6,B,8,R,WI,2.36,43218,Dell Vostro 15 3578 (A553109WIN9) Laptop ,5,Executive
Dell Vostro 3568 Notebook,3,15.6,A,4,Q,WI,2.18,43314,Dell Vostro 15 3578 (A553109WIN9) Laptop ,5,Executive
Acer Extensa EX2540-58KR Notebook,3,15.6,B,4,Q,WI,2.4,43345,Dell Vostro 15 3578 (A553109WIN9) Laptop ,5,Executive
Asus VivoBook Max Notebook,1,15.6,B,4,R,LI,2,43345,Dell Vostro 15 3578 (A553109WIN9) Laptop ,5,Executive
HP 15-bs015dx (i5-20U/8GB/1TB/W10) Notebook,1,15.6,B,8,R,WI,2.04,43345,Dell Vostro 15 3578 (A553109WIN9) Laptop ,5,Executive
Lenovo IdeaPad 310-15IKB Notebook,1,15.6,B,6,R,WI,2.4,43733,Dell Vostro 15 3578 (A553109WIN9) Laptop ,5,Executive
Asus X705UV-BX074T (i3-6006U/4GB/1TB/GeForce Notebook,1,17.3,A,4,Q,WI,2,43733,Dell Vostro 15 3578 (A553109WIN9) Laptop ,5,Executive
Dell Inspiron 3567 Notebook,1,15.6,B,8,Q,WI,2.24,43810,Dell Vostro 15 3578 (A553109WIN9) Laptop ,5,Executive
Lenovo ThinkPad E570 Notebook,1,15.6,A,4,R,WI,2.3,43810,Dell Vostro 15 3578 (A553109WIN9) Laptop ,5,Executive
HP 15-bw007nv (A10-9620P/6GB/128GB/Radeon Notebook,1,15.6,B,6,R,WI,1.91,44113,Dell Vostro 15 3578 (A553109WIN9) Laptop ,5,Executive
Dell Vostro 3568 Notebook,1,15.6,B,4,Q,LI,2.18,44120,Dell Vostro 15 3578 (A553109WIN9) Laptop ,5,Executive
HP 17-Y002nv (A10-9600P/6GB/2TB/Radeon Notebook,3,17.3,B,6,Q,WI,2.65,44120,Dell Vostro 15 3578 (A553109WIN9) Laptop ,5,Executive
Acer Aspire A515-51G-37JS Notebook,1,15.6,B,4,Q,WI,2.2,44353,Dell Vostro 15 3578 (A553109WIN9) Laptop ,5,Executive
Asus X555QG-DM242T (A10-9620P/4GB/1TB Notebook,1,15.6,B,4,Q,WI,2.2,44586,Dell Vostro 15 3578 (A553109WIN9) Laptop ,5,Executive
HP 250 G6 Notebook,1,15.6,B,8,R,NO,1.86,44586,Dell Vostro 15 3578 (A553109WIN9) Laptop ,5,Executive
Asus X541UV-DM1439T (i3-7100U/6GB/256GB/GeForce Notebook,3,15.6,B,6,Q,WI,2,44741,Dell Vostro 15 3578 (A553109WIN9) Laptop ,5,Executive
Lenovo Ideapad 320-15IKBN Notebook,2,15.6,B,6,Q,WI,2.2,44896,Dell Vostro 15 3578 (A553109WIN9) Laptop ,5,Executive
Lenovo Ideapad 320-15ISK Notebook,3,15.6,A,4,Q,WI,2.2,44896,Dell Vostro 15 3578 (A553109WIN9) Laptop ,5,Executive
Asus X550VX-XX015D (i5-6300HQ/4GB/1TB/GeForce Notebook,1,15.6,B,4,R,NO,2.45,44896,Dell Vostro 15 3578 (A553109WIN9) Laptop ,5,Executive
Acer Aspire 5 Notebook,1,15.6,B,8,R,WI,2.2,44896,Dell Vostro 15 3578 (A553109WIN9) Laptop ,5,Executive
HP 15-bs053od (i7-7500U/6GB/1TB/W10) Notebook,3,15.6,C,6,S,WI,2.04,44896,Dell Vostro 15 3578 (A553109WIN9) Laptop ,5,Executive
Asus Vivobook Max Notebook,1,15.6,A,8,Q,WI,2,45121,Dell Vostro 15 3578 (A553109WIN9) Laptop ,5,Executive
Dell Latitude 3480 Notebook,1,14,A,4,R,WI,1.76,45361,Dell Vostro 15 3578 (A553109WIN9) Laptop ,5,Executive
Dell Inspiron 3567 Notebook,1,15.6,B,4,Q,WI,2.3,45361,Dell Vostro 15 3578 (A553109WIN9) Laptop ,5,Executive
Asus VivoBook Max Notebook,1,15.6,B,4,R,WI,2,45453,Dell Vostro 15 3578 (A553109WIN9) Laptop ,5,Executive
Dell Vostro 3568 Notebook,1,15.6,B,4,R,WI,2.18,45485,Dell Vostro 15 3578 (A553109WIN9) Laptop ,5,Executive
Lenovo IdeaPad 320-15ISK Notebook,1,15.6,A,8,R,WI,2.2,45671,Dell Vostro 15 3578 (A553109WIN9) Laptop ,5,Executive
HP 15-bs024nv (i5-20U/8GB/128GB/W10) Notebook,1,15.6,B,8,R,WI,1.91,45671,Dell Vostro 15 3578 (A553109WIN9) Laptop ,5,Executive
Lenovo IdeaPad 320-17IKB Notebook,1,17.3,B,4,Q,WI,2.79,45671,Dell Vostro 15 3578 (A553109WIN9) Laptop ,5,Executive
Lenovo IdeaPad 320-17IKB Notebook,1,17.3,B,8,R,NO,2.8,45671,Dell Vostro 15 3578 (A553109WIN9) Laptop ,5,Executive
Dell Inspiron 5567 Notebook,3,15.6,B,8,Q,LI,2.32,45711,Dell Vostro 15 3578 (A553109WIN9) Laptop ,5,Executive
Asus R558UA-DM966T (i5-20U/8GB/128GB/FHD/W10) Notebook,3,15.6,B,8,Q,WI,2.3,45749,Dell Vostro 15 3578 (A553109WIN9) Laptop ,5,Executive
Asus X542UQ-DM117 (i3-7100U/8GB/1TB/GeForce Notebook,1,15.6,B,8,R,LI,2.3,46291,Dell Vostro 15 3578 (A553109WIN9) Laptop ,5,Executive
Lenovo IdeaPad 320-15IKBN Notebook,1,15.6,B,8,R,WI,2.2,46291,Dell Vostro 15 3578 (A553109WIN9) Laptop ,5,Executive
HP 15-BS078nr (i7-7500U/8GB/1TB/W10) Notebook,1,15.6,C,8,Q,WI,2.05,46369,Dell Vostro 15 3578 (A553109WIN9) Laptop ,5,Executive
Dell Inspiron 3567 Notebook,1,15.6,B,4,Q,LI,2.3,46439,Dell Vostro 15 3578 (A553109WIN9) Laptop ,5,Executive
Lenovo IdeaPad 520S-14IKB Notebook,1,14,B,8,R,NO,1.7,46446,Dell Vostro 15 3578 (A553109WIN9) Laptop ,5,Executive
Lenovo IdeaPad 320s-14IKB Notebook,1,14,B,4,R,WI,1.7,46446,Dell Vostro 15 3578 (A553109WIN9) Laptop ,5,Executive
Dell Inspiron 3567 Notebook,2,15.6,B,4,Q,WI,2.25,46446,Dell Vostro 15 3578 (A553109WIN9) Laptop ,5,Executive
HP 250 G6 Notebook,1,15.6,B,8,Q,WI,1.96,46446,Dell Vostro 15 3578 (A553109WIN9) Laptop ,5,Executive
Acer Aspire 3 Notebook,1,15.6,B,4,Q,WI,2.1,46446,Dell Vostro 15 3578 (A553109WIN9) Laptop ,5,Executive
Dell Inspiron 3567 Notebook,3,15.6,C,8,Q,LI,2.2,46516,Dell Vostro 15 3578 (A553109WIN9) Laptop ,5,Executive
Toshiba Satellite Pro Notebook,1,15.6,B,4,R,WI,2.1,46679,Dell Vostro 15 3578 (A553109WIN9) Laptop ,5,Executive
Lenovo Ideapad 320-15IKBR Notebook,1,15.6,C,12,Q,WI,2.2,47222,Dell Vostro 15 3578 (A553109WIN9) Laptop ,5,Executive
Lenovo IdeaPad 310-15IKB Notebook,1,15.6,B,4,Q,WI,2.4,47222,Dell Vostro 15 3578 (A553109WIN9) Laptop ,5,Executive
HP 250 G6 Notebook,3,15.6,B,4,Q,WI,1.86,47502,Dell Vostro 15 3578 (A553109WIN9) Laptop ,5,Executive
Acer Aspire A515-51G-59QF Notebook,1,15.6,B,4,Q,WI,2.2,47532,Dell Vostro 15 3578 (A553109WIN9) Laptop ,5,Executive
Dell Vostro 3568 Notebook,1,15.6,A,4,Q,WI,2.18,47610,Dell Vostro 15 3578 (A553109WIN9) Laptop ,5,Executive
HP Chromebook X360 2 in 1 Convertible,3,11.6,A,4,P,CH,1.4,47687,Dell Vostro 15 3578 (A553109WIN9) Laptop ,5,Executive
Dell Vostro 3568 Notebook,2,15.6,A,4,Q,WI,2.18,47912,Dell Vostro 15 3578 (A553109WIN9) Laptop ,5,Executive
HP 15-BS026nv (i5-20U/8GB/256GB/Radeon Notebook,1,15.6,B,8,Q,WI,1.91,47996,Dell Vostro 15 3578 (A553109WIN9) Laptop ,5,Executive
Acer Swift 3 Notebook,1,14,B,8,R,WI,1.5,47997,Dell Vostro 15 3578 (A553109WIN9) Laptop ,5,Executive
HP 15-BS103nv (i5-8250U/6GB/256GB/Radeon Notebook,1,15.6,B,6,Q,WI,1.91,47997,Dell Vostro 15 3578 (A553109WIN9) Laptop ,5,Executive
Acer TravelMate P259-G2 Notebook,1,15.6,B,4,Q,WI,2.23,47997,Dell Vostro 15 3578 (A553109WIN9) Laptop ,5,Executive
Lenovo V310-15IKB (i5-20U/4GB/1TB/FHD/W10) Notebook,1,15.6,B,4,R,WI,2.1,48187,Dell Vostro 15 3578 (A553109WIN9) Laptop ,5,Executive
Lenovo Yoga 520-14IKB 2 in 1 Convertible,1,14,B,4,Q,WI,1.74,48773,Dell Vostro 15 3578 (A553109WIN9) Laptop ,5,Executive
HP 15-ba043na (A12-9700P/8GB/2TB/W10) Notebook,1,15.6,B,8,Q,WI,2.04,48773,Dell Vostro 15 3578 (A553109WIN9) Laptop ,5,Executive
Lenovo IdeaPad 320-15IKBN Notebook,1,15.6,B,8,R,NO,2.2,48773,Dell Vostro 15 3578 (A553109WIN9) Laptop ,5,Executive
Lenovo V330-15IKB (i3-7130U/4GB/128GB/FHD/W10) Notebook,1,15.6,B,4,R,WI,2.05,48850,Dell Vostro 15 3578 (A553109WIN9) Laptop ,5,Executive
Acer Swift 3 Notebook,1,14,B,4,R,WI,1.8,49315,Dell Vostro 15 3578 (A553109WIN9) Laptop ,5,Executive
Dell Inspiron 5567 Notebook,1,15.6,B,8,Q,WI,2.36,49547,Dell Vostro 15 3578 (A553109WIN9) Laptop ,5,Executive
Dell Inspiron 3567 Notebook,2,15.6,B,4,Q,WI,2.3,49548,Dell Vostro 15 3578 (A553109WIN9) Laptop ,5,Executive
HP 250 G6 Notebook,1,15.6,B,8,R,WI,1.86,49548,Dell Vostro 15 3578 (A553109WIN9) Laptop ,5,Executive
Acer Aspire A515-51G Notebook,1,15.6,C,4,R,WI,2.2,49548,Dell Vostro 15 3578 (A553109WIN9) Laptop ,5,Executive
Asus Q304UA-BHI5T11 (i5-20U/6GB/1TB/FHD/W10) 2 in 1 Convertible,1,13.3,B,6,R,WI,1.5,49549,Dell Vostro 15 3578 (A553109WIN9) Laptop ,5,Executive
HP 17-BS092ND (i3-6006U/8GB/256GB/W10) Notebook,1,17.3,A,8,R,WI,2.5,49618,Dell Vostro 15 3578 (A553109WIN9) Laptop ,5,Executive
Dell Inspiron 3576 Notebook,1,15.6,B,8,Q,LI,2.2,50168,New Inspiron 15 5580 Laptop,6,Programmer
Dell Inspiron 5368 Notebook,1,13.3,B,8,R,WI,1.62,50323,New Inspiron 15 5580 Laptop,6,Programmer
Dell Inspiron 5378 2 in 1 Convertible,1,13.3,B,4,R,WI,1.71,50323,New Inspiron 15 5580 Laptop,6,Programmer
Dell Inspiron 3567 Notebook,3,15.6,B,12,Q,WI,2.25,50323,New Inspiron 15 5580 Laptop,6,Programmer
HP 15-cd005nv (A9-9420/6GB/256GB/Radeon Notebook,1,15.6,B,6,R,WI,1.95,50323,New Inspiron 15 5580 Laptop,6,Programmer
Fujitsu LifeBook A556 Notebook,2,15.6,B,4,R,WI,2.3,50323,New Inspiron 15 5580 Laptop,6,Programmer
Lenovo IdeaPad 320-17IKB Notebook,1,17.3,B,6,R,WI,2.8,50323,New Inspiron 15 5580 Laptop,6,Programmer
HP 15-BW091ND (A9-9420/6GB/1TB Notebook,3,15.6,B,6,Q,WI,2.1,50401,New Inspiron 15 5580 Laptop,6,Programmer
Acer TravelMate P238-M Notebook,1,13.3,B,4,R,WI,1.6,50789,New Inspiron 15 5580 Laptop,6,Programmer
Acer Aspire 5 Notebook,1,17.3,B,4,Q,WI,3,50789,New Inspiron 15 5580 Laptop,6,Programmer
HP 17-ak002nv (A10-9620P/6GB/2TB/Radeon Notebook,3,17.3,B,6,R,WI,2.71,50789,New Inspiron 15 5580 Laptop,6,Programmer
Dell Vostro 3568 Notebook,1,15.6,B,4,R,WI,2.18,50944,New Inspiron 15 5580 Laptop,6,Programmer
Dell Inspiron 5379 2 in 1 Convertible,3,13.3,B,8,R,WI,1.55,51099,New Inspiron 15 5580 Laptop,6,Programmer
HP Pavilion 14-BK001nv Notebook,3,14,B,6,R,WI,1.58,51099,New Inspiron 15 5580 Laptop,6,Programmer
HP 15-BS101nv (i7-8550U/8GB/256GB/FHD/W10) Ultrabook,1,15.6,C,8,R,WI,1.91,51099,New Inspiron 15 5580 Laptop,6,Programmer
Acer Aspire 5 Notebook,1,15.6,B,8,R,WI,2.2,51099,New Inspiron 15 5580 Laptop,6,Programmer
Acer SP315-51 (i7-7500U/12GB/1TB/FHD/W10) Notebook,1,15.6,C,12,S,WI,2.15,51099,New Inspiron 15 5580 Laptop,6,Programmer
Dell Insprion 5767 Notebook,1,17.3,A,4,Q,WI,2.36,51099,New Inspiron 15 5580 Laptop,6,Programmer
Lenovo IdeaPad 320-15IKB Notebook,1,15.6,C,8,R,NO,2.2,51100,New Inspiron 15 5580 Laptop,6,Programmer
Dell Inspiron 5570 Ultrabook,1,15.6,B,8,R,WI,1.9,51409,New Inspiron 15 5580 Laptop,6,Programmer
Dell Vostro 3568 Notebook,1,15.6,A,8,R,WI,2,51564,New Inspiron 15 5580 Laptop,6,Programmer
HP ProBook 450 Notebook,1,15.6,B,4,R,WI,2.1,51834,New Inspiron 15 5580 Laptop,6,Programmer
Toshiba Satellite Pro Notebook,3,15.6,B,4,R,WI,2,51874,New Inspiron 15 5580 Laptop,6,Programmer
Lenovo IdeaPad 510-15ISK Notebook,3,15.6,C,8,R,WI,2.2,51874,New Inspiron 15 5580 Laptop,6,Programmer
HP ProBook 430 Notebook,1,13.3,B,4,R,WI,1.49,52340,New Inspiron 15 5580 Laptop,6,Programmer
Dell Inspiron 3576 Notebook,1,15.6,B,8,Q,WI,2.2,52340,New Inspiron 15 5580 Laptop,6,Programmer
Dell Inspiron 3576 Notebook,1,15.6,B,8,Q,LI,2.2,52522,New Inspiron 15 5580 Laptop,6,Programmer
Acer Aspire A515-51G Notebook,1,15.6,B,4,R,WI,2.2,52882,New Inspiron 15 5580 Laptop,6,Programmer
HP Pavilion x360 2 in 1 Convertible,2,15.6,B,4,R,WI,2.3,53099,New Inspiron 15 5580 Laptop,6,Programmer
Dell Vostro 3568 Notebook,2,15.6,B,4,Q,WI,2.18,53114,New Inspiron 15 5580 Laptop,6,Programmer
Lenovo IdeaPad 310-15IKB Notebook,3,15.6,C,8,Q,NO,2.2,53115,New Inspiron 15 5580 Laptop,6,Programmer
Lenovo V330-15IKB (i5-8250U/4GB/500GB/FHD/W10) Notebook,2,15.6,B,4,R,WI,2.05,53115,New Inspiron 15 5580 Laptop,6,Programmer
HP ProBook 450 Notebook,1,15.6,B,4,R,WI,2.04,53115,New Inspiron 15 5580 Laptop,6,Programmer
Acer Aspire R7 2 in 1 Convertible,1,13.3,B,8,R,WI,1.6,53425,New Inspiron 15 5580 Laptop,6,Programmer
Dell Latitude 3380 Notebook,1,13.3,A,4,R,WI,1.65,53425,New Inspiron 15 5580 Laptop,6,Programmer
Acer Aspire 5 Notebook,1,15.6,C,8,Q,WI,2.2,53425,New Inspiron 15 5580 Laptop,6,Programmer
HP 15-bs011nv (i7-7500U/4GB/500GB/Radeon Notebook,3,15.6,C,4,R,WI,2.1,53425,New Inspiron 15 5580 Laptop,6,Programmer
HP ProBook 440 Notebook,1,15.6,A,4,R,WI,1.63,53425,New Inspiron 15 5580 Laptop,6,Programmer
HP 250 G6 Notebook,1,15.6,B,8,R,WI,1.86,53503,New Inspiron 15 5580 Laptop,6,Programmer
Acer Aspire 5 Notebook,1,15.6,B,12,Q,WI,2.2,53812,New Inspiron 15 5580 Laptop,6,Programmer
Lenovo IdeaPad 310-15IKB Notebook,2,15.6,B,6,Q,WI,2.4,53890,New Inspiron 15 5580 Laptop,6,Programmer
Lenovo IdeaPad 320-17IKBR Notebook,1,17.3,B,8,Q,NO,2.8,54123,New Inspiron 15 5580 Laptop,6,Programmer
HP Envy 13-AD007nv Notebook,1,13.3,B,4,R,WI,1.32,54200,New Inspiron 15 5580 Laptop,6,Programmer
Lenovo IdeaPad 520s-14IKB Notebook,3,14,B,4,Q,WI,1.7,54200,New Inspiron 15 5580 Laptop,6,Programmer
HP Pavilion X360 2 in 1 Convertible,3,14,B,4,R,WI,1.63,54200,New Inspiron 15 5580 Laptop,6,Programmer
HP Pavilion 15-CK000nv Ultrabook,1,15.6,C,8,R,WI,1.83,54200,New Inspiron 15 5580 Laptop,6,Programmer
Asus FX550IK-DM018T (FX-9830P/8GB/1TB/Radeon Gaming,3,15.6,C,8,R,WI,2.45,54200,New Inspiron 15 5580 Laptop,6,Programmer
HP 17-bs001nv (i5-20U/6GB/2TB/Radeon Notebook,1,17.3,B,6,Q,WI,2.71,54200,New Inspiron 15 5580 Laptop,6,Programmer
HP 17-bs000nv I3 Notebook,3,17.3,A,4,Q,WI,2.5,54200,New Inspiron 15 5580 Laptop,6,Programmer
Acer Aspire 5 Notebook,1,17.3,B,4,Q,WI,3,54433,New Inspiron 15 5580 Laptop,6,Programmer
HP ProBook 450 Notebook,1,15.6,B,4,R,WI,2.1,54704,New Inspiron 15 5580 Laptop,6,Programmer
Dell Vostro 3568 Notebook,3,15.6,B,4,R,WI,2.18,54903,New Inspiron 15 5580 Laptop,6,Programmer
Acer A715-71G-59DH (i5-7300HQ/8GB/1TB/GeForce Gaming,1,15.6,C,8,R,LI,2.4,54976,New Inspiron 15 5580 Laptop,6,Programmer
Dell Inspiron 5567 Notebook,1,15.6,C,12,S,WI,2.3,55291,New Inspiron 15 5580 Laptop,6,Programmer
Dell Vostro 3568 Notebook,1,15.6,B,8,R,WI,2.18,55363,New Inspiron 15 5580 Laptop,6,Programmer
HP ProBook 450 Notebook,1,15.6,B,8,R,WI,2.1,55519,New Inspiron 15 5580 Laptop,6,Programmer
HP ProBook 430 Notebook,1,13.3,B,4,R,WI,1.49,55751,New Inspiron 15 5580 Laptop,6,Programmer
Dell Inspiron 5570 Notebook,3,15.6,B,8,R,WI,2.2,55751,New Inspiron 15 5580 Laptop,6,Programmer
HP 15-bs017nv (i7-7500U/8GB/256GB/Radeon Notebook,3,15.6,C,8,R,WI,1.91,55751,New Inspiron 15 5580 Laptop,6,Programmer
Lenovo IdeaPad 320-17IKB Notebook,1,17.3,B,6,R,WI,2.8,55751,New Inspiron 15 5580 Laptop,6,Programmer
HP Probook 440 Notebook,1,14,B,4,R,WI,1.63,55984,New Inspiron 15 5580 Laptop,6,Programmer
HP ProBook 450 Notebook,1,15.6,B,4,R,WI,2.1,55984,New Inspiron 15 5580 Laptop,6,Programmer
HP ProBook 430 Notebook,1,13.3,B,4,Q,WI,1.49,56294,New Inspiron 15 5580 Laptop,6,Programmer
Dell Vostro 5568 Notebook,3,15.6,B,8,R,LI,1.98,56294,New Inspiron 15 5580 Laptop,6,Programmer
Dell Inspiron 3576 Notebook,1,15.6,B,8,Q,WI,2.13,56449,New Inspiron 15 5580 Laptop,6,Programmer
Dell Latitude 3580 Notebook,3,15.6,B,4,R,WI,1.95,56596,New Inspiron 15 5580 Laptop,6,Programmer
Lenovo Thinkpad 13 Notebook,2,13.3,B,4,R,WI,1.44,56992,New Inspiron 15 5580 Laptop,6,Programmer
Dell Inspiron 3576 Notebook,1,15.6,C,8,Q,LI,2.14,56997,New Inspiron 15 5580 Laptop,6,Programmer
Dell Vostro 5468 Notebook,1,14,A,4,R,WI,1.6,57059,New Inspiron 15 5580 Laptop,6,Programmer
Dell Vostro 3568 Notebook,3,15.6,C,4,Q,WI,2.18,57302,New Inspiron 15 5580 Laptop,6,Programmer
Dell Vostro 5568 Notebook,1,15.6,A,8,Q,WI,2,57302,New Inspiron 15 5580 Laptop,6,Programmer
Asus TP501UA-CJ131T (i5-20U/8GB/1TB/W10) 2 in 1 Convertible,1,15.6,B,8,R,WI,2.2,57302,New Inspiron 15 5580 Laptop,6,Programmer
Fujitsu Lifebook A557 Notebook,3,15.6,B,8,R,WI,2.2,57302,New Inspiron 15 5580 Laptop,6,Programmer
Lenovo V330-15IKB (i5-8250U/8GB/256GB/FHD/W10) Notebook,1,15.6,B,8,R,WI,2.05,57302,New Inspiron 15 5580 Laptop,6,Programmer
Dell Latitude E5470 Notebook,3,14,A,8,R,WI,1.79,57380,New Inspiron 15 5580 Laptop,6,Programmer
Acer Aspire E5-576G Notebook,1,15.6,C,8,R,WI,2.23,57535,New Inspiron 15 5580 Laptop,6,Programmer
Dell Latitude 3180 Netbook,1,11.6,A,4,Q,WI,1.63,57690,New Inspiron 15 5580 Laptop,6,Programmer
Acer Aspire A515-51G Notebook,2,15.6,C,8,Q,WI,2.2,57767,New Inspiron 15 5580 Laptop,6,Programmer
Dell Inspiron 3567 Notebook,1,15.6,C,8,Q,WI,3.2,57767,New Inspiron 15 5580 Laptop,6,Programmer
HP 15-bs012nv (i7-7500U/8GB/1TB/Radeon Notebook,3,15.6,C,8,R,WI,2.1,57767,New Inspiron 15 5580 Laptop,6,Programmer
Dell Inspiron 5567 Notebook,2,15.6,C,8,Q,WI,2.36,58077,New Inspiron 15 5580 Laptop,6,Programmer
Dell Inspiron 5570 Notebook,1,15.6,B,4,R,WI,2.2,58077,New Inspiron 15 5580 Laptop,6,Programmer
Asus Pro P2540UA-AB51 Notebook,1,15.6,B,8,R,WI,2.37,58077,New Inspiron 15 5580 Laptop,6,Programmer
Dell Inspiron 3567 Notebook,1,15.6,C,8,Q,LI,2.2,58078,New Inspiron 15 5580 Laptop,6,Programmer
HP ProBook 430 Notebook,1,13.3,B,4,R,WI,1.49,58465,New Inspiron 15 5580 Laptop,6,Programmer
Dell Latitude 3480 Notebook,3,14,B,4,R,WI,1.76,58543,New Inspiron 15 5580 Laptop,6,Programmer
Dell Inspiron 5570 Notebook,1,15.6,B,8,R,WI,2.02,58853,New Inspiron 15 5580 Laptop,6,Programmer
Dell Inspiron 3576 Notebook,1,15.6,C,8,Q,WI,2.13,59535,New Inspiron 15 5580 Laptop,6,Programmer
Asus Vivobook X541UV-DM1217T Notebook,1,15.6,B,8,Q,WI,2,59628,New Inspiron 15 5580 Laptop,6,Programmer
Acer Swift 3 Ultrabook,1,14,B,8,R,WI,1.6,59706,New Inspiron 15 5580 Laptop,6,Programmer
HP ProBook x360 2 in 1 Convertible,2,11.6,A,4,Q,WI,1.45,60094,New Dell G3 15 3579 Gaming,7,Data Scientist
Dell Inspiron 5570 Notebook,1,15.6,B,4,R,WI,2.2,60171,New Dell G3 15 3579 Gaming,7,Data Scientist
Dell Inspiron 5567 Notebook,1,15.6,C,8,Q,LI,2.33,60394,New Dell G3 15 3579 Gaming,7,Data Scientist
Acer Aspire 7 Notebook,1,15.6,D,8,R,LI,2.4,60404,New Dell G3 15 3579 Gaming,7,Data Scientist
Lenovo Legion Y520-15IKBN Gaming,1,15.6,C,8,R,NO,2.4,60404,New Dell G3 15 3579 Gaming,7,Data Scientist
Lenovo V310-15IKB (i7-7500U/4GB/1TB/FHD/W10) Notebook,3,15.6,C,4,S,WI,1.85,60404,New Dell G3 15 3579 Gaming,7,Data Scientist
Toshiba Satellite Pro Notebook,1,15.6,B,4,R,WI,2.1,60481,New Dell G3 15 3579 Gaming,7,Data Scientist
Lenovo ThinkPad E470 Notebook,1,14,B,4,R,WI,1.87,60869,New Dell G3 15 3579 Gaming,7,Data Scientist
Asus K556UR-DM621T (i7-7500U/8GB/256GB/GeForce Notebook,1,15.6,C,8,R,WI,2.3,61024,New Dell G3 15 3579 Gaming,7,Data Scientist
Lenovo IdeaPad Y700-15ISK Notebook,1,15.6,B,8,R,WI,2.6,61179,New Dell G3 15 3579 Gaming,7,Data Scientist
Lenovo IdeaPad 510-15IKB Notebook,1,15.6,C,6,R,WI,2.2,61179,New Dell G3 15 3579 Gaming,7,Data Scientist
Acer Aspire R7 2 in 1 Convertible,1,13.3,C,8,S,WI,1.6,61180,New Dell G3 15 3579 Gaming,7,Data Scientist
Dell Vostro 3568 Notebook,1,15.6,B,8,Q,WI,2.18,61242,New Dell G3 15 3579 Gaming,7,Data Scientist
Toshiba Satellite Pro Notebook,1,15.6,B,8,R,WI,2,61489,New Dell G3 15 3579 Gaming,7,Data Scientist
HP ProBook 450 Notebook,1,15.6,B,8,R,WI,2.1,61567,New Dell G3 15 3579 Gaming,7,Data Scientist
Dell Vostro 5568 Notebook,3,15.6,B,8,R,WI,2.18,61644,New Dell G3 15 3579 Gaming,7,Data Scientist
Dell Inspiron 5570 Notebook,1,15.6,B,8,R,WI,2.2,61831,New Dell G3 15 3579 Gaming,7,Data Scientist
Acer Aspire 7 Gaming,1,15.6,C,8,R,LI,2.4,61877,New Dell G3 15 3579 Gaming,7,Data Scientist
Lenovo IdeaPad 510s-14IKB Notebook,1,14,C,8,R,NO,1.5,61954,New Dell G3 15 3579 Gaming,7,Data Scientist
Lenovo IdeaPad 320-15IKB Notebook,1,15.6,C,4,Q,WI,2.2,61954,New Dell G3 15 3579 Gaming,7,Data Scientist
Fujitsu LifeBook A557 Notebook,1,15.6,B,8,R,WI,2.2,61954,New Dell G3 15 3579 Gaming,7,Data Scientist
Dell Inspiron 5579 2 in 1 Convertible,1,15.6,B,8,R,WI,2.67,61954,New Dell G3 15 3579 Gaming,7,Data Scientist
Dell Inspiron 5570 Notebook,1,15.6,B,8,R,WI,2.2,62032,New Dell G3 15 3579 Gaming,7,Data Scientist
Acer Aspire A517-51G Notebook,1,17.3,B,4,Q,WI,3,62420,New Dell G3 15 3579 Gaming,7,Data Scientist
HP Probook 450 Notebook,2,15.6,B,8,R,WI,2.04,62497,New Dell G3 15 3579 Gaming,7,Data Scientist
Lenovo Legion Y520-15IKBN Gaming,1,15.6,C,8,R,NO,2.4,62730,New Dell G3 15 3579 Gaming,7,Data Scientist
Dell Latitude 3580 Notebook,1,15.6,B,8,R,WI,1.95,62807,New Dell G3 15 3579 Gaming,7,Data Scientist
HP Probook 440 Notebook,1,14,B,8,R,WI,1.63,62962,New Dell G3 15 3579 Gaming,7,Data Scientist
Toshiba Satellite Pro Notebook,1,15.6,C,8,R,WI,2.2,62962,New Dell G3 15 3579 Gaming,7,Data Scientist
Lenovo V310-15IKB (i5-20U/8GB/1TB Notebook,1,15.6,B,8,R,WI,1.9,63040,New Dell G3 15 3579 Gaming,7,Data Scientist
Lenovo V310-15ISK (i5-20U/8GB/1TB Notebook,1,15.6,B,8,Q,WI,1.9,63424,New Dell G3 15 3579 Gaming,7,Data Scientist
Dell Inspiron 5379 2 in 1 Convertible,1,13.3,B,8,R,WI,1.62,63505,New Dell G3 15 3579 Gaming,7,Data Scientist
Dell Inspiron 5579 2 in 1 Convertible,1,15.6,C,8,R,WI,2.08,63505,New Dell G3 15 3579 Gaming,7,Data Scientist
Lenovo IdeaPad 320-15IKB Notebook,1,15.6,B,8,R,WI,2.3,63505,New Dell G3 15 3579 Gaming,7,Data Scientist
Dell Inspiron 5577 Gaming,1,15.6,C,8,R,WI,2.56,63505,New Dell G3 15 3579 Gaming,7,Data Scientist
Dell Latitude 5580 Notebook,3,15.6,B,4,R,WI,1.9,63971,New Dell G3 15 3579 Gaming,7,Data Scientist
Lenovo V330-15IKB (i5-8250U/4GB/256GB/FHD/W10) Notebook,1,15.6,B,4,R,WI,1.8,64281,New Dell G3 15 3579 Gaming,7,Data Scientist
Lenovo Legion Y520-15IKBN Gaming,2,15.6,C,8,R,WI,2.5,64281,New Dell G3 15 3579 Gaming,7,Data Scientist
Lenovo Thinkpad E570 Notebook,1,15.6,B,8,R,WI,2.3,64358,New Dell G3 15 3579 Gaming,7,Data Scientist
Acer Aspire E5-576G Notebook,1,15.6,C,8,R,WI,2.2,64513,New Dell G3 15 3579 Gaming,7,Data Scientist
Dell Vostro 5568 Notebook,1,15.6,B,8,R,WI,2.18,64823,New Dell G3 15 3579 Gaming,7,Data Scientist
HP Pavilion X360 2 in 1 Convertible,1,13.3,B,8,R,WI,1.58,64870,New Dell G3 15 3579 Gaming,7,Data Scientist
Dell Inspiron 5379 2 in 1 Convertible,1,13.3,C,8,R,WI,1.62,65056,New Dell G3 15 3579 Gaming,7,Data Scientist
HP ProBook 450 Notebook,1,15.6,B,4,R,WI,2.04,65056,New Dell G3 15 3579 Gaming,7,Data Scientist
Asus Q524UQ-BHI7T15 (i7-7500U/12GB/2TB/GeForce 2 in 1 Convertible,1,15.6,C,12,R,WI,2.3,65056,New Dell G3 15 3579 Gaming,7,Data Scientist
Asus FX553VD-DM627T (i5-7300HQ/8GB/1TB Notebook,1,15.6,C,8,R,WI,2.5,65056,New Dell G3 15 3579 Gaming,7,Data Scientist
Acer Aspire A515-51G Notebook,1,15.6,C,8,Q,WI,2.2,65211,New Dell G3 15 3579 Gaming,7,Data Scientist
Dell Inspiron 5570 Notebook,1,15.6,B,8,R,WI,2.33,65444,New Dell G3 15 3579 Gaming,7,Data Scientist
Acer Aspire 7 Notebook,1,15.6,D,8,R,LI,2.4,65599,New Dell G3 15 3579 Gaming,7,Data Scientist
Acer Nitro AN515-51 Gaming,1,15.6,C,8,R,WI,2.5,65599,New Dell G3 15 3579 Gaming,7,Data Scientist
HP ProBook 450 Notebook,1,15.6,B,8,R,WI,2.04,65638,New Dell G3 15 3579 Gaming,7,Data Scientist
Acer Spin 5 2 in 1 Convertible,1,13.3,B,8,R,WI,1.5,65676,New Dell G3 15 3579 Gaming,7,Data Scientist
Dell Latitude 3380 Notebook,1,13.3,A,4,R,WI,1.65,65831,New Dell G3 15 3579 Gaming,7,Data Scientist
Lenovo IdeaPad 320-17IKBR Notebook,2,17.3,C,8,Q,NO,2.8,65831,New Dell G3 15 3579 Gaming,7,Data Scientist
Asus Pro P2540UA-XO0192R Notebook,1,15.6,C,4,S,WI,2.37,65901,New Dell G3 15 3579 Gaming,7,Data Scientist
Lenovo ThinkPad E570 Notebook,2,15.6,B,8,R,WI,2.3,65960,New Dell G3 15 3579 Gaming,7,Data Scientist
Acer Aspire A517-51G Notebook,1,17.3,B,8,Q,WI,3,66219,New Dell G3 15 3579 Gaming,7,Data Scientist
Dell Inspiron 5570 Notebook,3,15.6,C,8,R,WI,2.02,66297,New Dell G3 15 3579 Gaming,7,Data Scientist
Lenovo Thinkpad E470 Notebook,3,14,B,8,Q,WI,1.87,66457,New Dell G3 15 3579 Gaming,7,Data Scientist
Dell Vostro 5468 Notebook,1,14,B,8,R,WI,1.6,66607,New Dell G3 15 3579 Gaming,7,Data Scientist
Lenovo Thinkpad E470 Notebook,1,14,C,8,R,WI,1.87,66607,New Dell G3 15 3579 Gaming,7,Data Scientist
Lenovo IdeaPad 320-17IKB Notebook,2,17.3,C,6,R,WI,2.8,66607,New Dell G3 15 3579 Gaming,7,Data Scientist
Dell Inspiron 5567 Notebook,1,15.6,C,16,Q,WI,2.3,66608,New Dell G3 15 3579 Gaming,7,Data Scientist
HP ProBook 440 Notebook,1,14,B,8,R,WI,1.63,66684,New Dell G3 15 3579 Gaming,7,Data Scientist
Toshiba Satellite Pro Notebook,0,15.6,B,8,R,WI,2,66684,New Dell G3 15 3579 Gaming,7,Data Scientist
Dell Inspiron 5767 Notebook,1,17.3,C,8,Q,LI,2.83,67072,New Dell G3 15 3579 Gaming,7,Data Scientist
Dell Latitude 5580 Notebook,1,15.6,C,4,R,LI,1.93,67382,New Dell G3 15 3579 Gaming,7,Data Scientist
Lenovo Legion Y520-15IKBN Gaming,1,15.6,D,8,R,NO,2.4,67382,New Dell G3 15 3579 Gaming,7,Data Scientist
Dell Inspiron 5379 2 in 1 Convertible,1,13.3,C,8,R,WI,1.62,67383,New Dell G3 15 3579 Gaming,7,Data Scientist
Dell Inspiron 5570 Notebook,1,15.6,C,8,R,WI,2.2,67460,New Dell G3 15 3579 Gaming,7,Data Scientist
Dell Vostro 5471 Ultrabook,1,14,B,8,R,WI,1.7,68158,New Dell G3 15 3579 Gaming,7,Data Scientist
Acer Aspire 7 Notebook,1,15.6,D,8,R,LI,2.5,68158,New Dell G3 15 3579 Gaming,7,Data Scientist
Dell Inspiron 7559 Gaming,1,15.6,C,16,R,WI,2.59,68158,New Dell G3 15 3579 Gaming,7,Data Scientist
HP ProBook 450 Notebook,1,15.6,B,8,R,WI,2.1,68158,New Dell G3 15 3579 Gaming,7,Data Scientist
Dell Inspiron 5577 Gaming,1,15.6,C,8,R,WI,2.56,68158,New Dell G3 15 3579 Gaming,7,Data Scientist
Lenovo V330-15IKB (i7-8550U/8GB/256GB/FHD/W10) Notebook,1,15.6,C,8,R,WI,2.05,68235,New Dell G3 15 3579 Gaming,7,Data Scientist
Lenovo ThinkPad 13 Notebook,3,13.3,B,4,R,WI,1.44,68313,New Dell G3 15 3579 Gaming,7,Data Scientist
Acer Swift 3 Ultrabook,1,14,C,8,R,WI,1.6,68545,New Dell G3 15 3579 Gaming,7,Data Scientist
Dell Inspiron 5378 2 in 1 Convertible,1,13.3,B,8,R,WI,1.68,68933,New Dell G3 15 3579 Gaming,7,Data Scientist
HP Probook 450 Notebook,1,15.6,B,8,R,WI,2.04,68933,New Dell G3 15 3579 Gaming,7,Data Scientist
Dell Inspiron 5770 Notebook,1,17.3,B,8,R,LI,2.8,68933,New Dell G3 15 3579 Gaming,7,Data Scientist
Asus F756UX-T4201D (i7-7500U/8GB/128GB Notebook,0,17.3,C,8,R,NO,2.69,68933,New Dell G3 15 3579 Gaming,7,Data Scientist
Asus K756UX-T4340T (i5-20U/8GB/500GB Notebook,1,17.3,B,8,R,WI,2.69,69088,New Dell G3 15 3579 Gaming,7,Data Scientist
HP ProBook 470 Notebook,1,17.3,B,8,R,WI,2.5,69476,New Dell G3 15 3579 Gaming,7,Data Scientist
Lenovo Ideapad 520-15IKBR Notebook,1,15.6,C,8,R,WI,2.17,69701,New Dell G3 15 3579 Gaming,7,Data Scientist
Apple Macbook Air Ultrabook,1,13.3,C,8,R,MA,1.34,69704,New Dell G3 15 3579 Gaming,7,Data Scientist
Dell XPS 13 Ultrabook,1,13.3,B,8,R,WI,1.29,69708,New Dell G3 15 3579 Gaming,7,Data Scientist
Lenovo Yoga 520-14IKB 2 in 1 Convertible,1,14,B,8,R,WI,1.74,69708,New Dell G3 15 3579 Gaming,7,Data Scientist
Dell Inspiron 5567 Notebook,1,15.6,C,16,Q,LI,2.36,69708,New Dell G3 15 3579 Gaming,7,Data Scientist
Dell Inspiron 5567 Notebook,1,15.6,C,8,Q,WI,2.33,69708,New Dell G3 15 3579 Gaming,7,Data Scientist
Lenovo IdeaPad 320-15IKB Notebook,1,15.6,C,8,Q,WI,2.2,69708,New Dell G3 15 3579 Gaming,7,Data Scientist
Lenovo IdeaPad 320-15ABR Notebook,1,15.6,B,12,R,WI,2.2,69708,New Dell G3 15 3579 Gaming,7,Data Scientist
Dell Inspiron 7567 Gaming,1,15.6,D,8,R,WI,2.62,69708,New Dell G3 15 3579 Gaming,7,Data Scientist
HP ProBook 450 Notebook,1,15.6,C,8,R,WI,2.04,69786,New Dell G3 15 3579 Gaming,7,Data Scientist
Acer TMX349-G2-M-50FS (i5-20U/8GB/256GB/FHD/W10) Notebook,2,14,B,8,R,WI,1.56,69941,New Dell G3 15 3579 Gaming,7,Data Scientist
HP ProBook 450 Notebook,1,15.6,C,8,R,WI,2.1,69941,New Dell G3 15 3579 Gaming,7,Data Scientist
Asus VivoBook Pro Notebook,3,15.6,C,8,R,WI,1.99,70299,New Inspiron 15 7591 Laptop,8,Home User
HP Probook 450 Notebook,1,15.6,B,4,R,WI,2.07,70561,New Inspiron 15 7591 Laptop,8,Home User
HP ProBook 470 Notebook,2,17.3,B,8,R,WI,2.63,70561,New Inspiron 15 7591 Laptop,8,Home User
Lenovo ThinkPad L570 Notebook,1,15.6,B,8,R,WI,2.3,70639,New Inspiron 15 7591 Laptop,8,Home User
Dell Vostro 5568 Notebook,1,15.6,B,4,R,WI,2.18,70755,New Inspiron 15 7591 Laptop,8,Home User
HP ProBook 470 Notebook,1,17.3,B,8,R,WI,2.5,70872,New Inspiron 15 7591 Laptop,8,Home User
Toshiba Tecra A40-C-1KF Notebook,2,14,B,4,R,WI,1.75,70949,New Inspiron 15 7591 Laptop,8,Home User
Acer Swift 3 Ultrabook,1,14,B,8,S,WI,1.8,71259,New Inspiron 15 7591 Laptop,8,Home User
Dell Inspiron 5570 Notebook,1,15.6,C,8,R,WI,2.2,71259,New Inspiron 15 7591 Laptop,8,Home User
HP ProBook 470 Notebook,1,17.3,B,8,R,WI,2.5,71569,New Inspiron 15 7591 Laptop,8,Home User
Asus ZenBook Flip 2 in 1 Convertible,1,13.3,B,8,R,WI,1.27,71957,New Inspiron 15 7591 Laptop,8,Home User
HP ProBook 470 Notebook,1,17.3,B,8,R,WI,2.5,71957,New Inspiron 15 7591 Laptop,8,Home User
Dell Inspiron 7567 Gaming,3,15.6,D,8,R,LI,2.62,72035,New Inspiron 15 7591 Laptop,8,Home User
Dell Inspiron 5370 Ultrabook,1,13.3,C,8,R,WI,1.4,72258,New Inspiron 15 7591 Laptop,8,Home User
HP EliteBook 850 Notebook,1,15.6,B,4,S,WI,1.88,72267,New Inspiron 15 7591 Laptop,8,Home User
Xiaomi Mi Notebook Ultrabook,2,13.3,B,8,R,WI,1.28,72500,New Inspiron 15 7591 Laptop,8,Home User
Dell Latitude 5580 Notebook,3,15.6,C,8,S,WI,1.9,72500,New Inspiron 15 7591 Laptop,8,Home User
Lenovo ThinkPad L470 Notebook,1,14,B,8,R,WI,1.9,72733,New Inspiron 15 7591 Laptop,8,Home User
Asus FX753VD-GC086T (i5-7300HQ/8GB/1TB Gaming,1,17.3,C,8,R,WI,3,72733,New Inspiron 15 7591 Laptop,8,Home User
Asus UX410UA-GV350T (i5-8250U/8GB/256GB/FHD/W10) Notebook,1,14,B,8,R,WI,1.4,72965,New Inspiron 15 7591 Laptop,8,Home User
Toshiba Satellite Pro Notebook,1,15.6,B,8,R,WI,2,73120,New Inspiron 15 7591 Laptop,8,Home User
Asus Zenbook UX410UA-GV027T Notebook,1,14,B,8,R,WI,2,73275,New Inspiron 15 7591 Laptop,8,Home User
Dell Latitude 5580 Notebook,3,15.6,B,8,R,WI,1.9,73275,New Inspiron 15 7591 Laptop,8,Home User
Lenovo ThinkPad 13 Notebook,1,13.3,B,8,R,WI,1.4,73585,New Inspiron 15 7591 Laptop,8,Home User
Lenovo ThinkPad 13 Notebook,1,13.3,B,8,R,WI,1.44,73585,New Inspiron 15 7591 Laptop,8,Home User
Dell Vostro 5370 Ultrabook,1,13.3,B,8,R,WI,1.41,73585,New Inspiron 15 7591 Laptop,8,Home User
Asus FX503VD-E4022T (i7-7700HQ/8GB/1TB/GeForce Gaming,3,15.6,D,8,R,WI,2.2,73585,New Inspiron 15 7591 Laptop,8,Home User
Lenovo IdeaPad 320-15ABR Notebook,1,15.6,B,12,R,WI,2.2,73585,New Inspiron 15 7591 Laptop,8,Home User
Asus FX753VE-GC093 (i7-7700HQ/12GB/1TB/GeForce Gaming,3,17.3,D,12,R,LI,3,73585,New Inspiron 15 7591 Laptop,8,Home User
Lenovo IdeaPad 320-17IKB Notebook,1,17.3,C,6,R,WI,2.8,73585,New Inspiron 15 7591 Laptop,8,Home User
Acer Aspire A517-51G Notebook,2,15.6,C,8,R,WI,3,73741,New Inspiron 15 7591 Laptop,8,Home User
Dell Inspiron 5370 Ultrabook,1,13.3,C,8,R,WI,1.4,74051,New Inspiron 15 7591 Laptop,8,Home User
Dell Latitude 3580 Notebook,3,15.6,B,8,R,WI,2.06,74051,New Inspiron 15 7591 Laptop,8,Home User
HP ProBook 430 Notebook,1,13.3,B,8,R,WI,1.49,74361,New Inspiron 15 7591 Laptop,8,Home User
Dell Latitude 5580 Notebook,1,15.6,C,4,R,WI,1.93,74361,New Inspiron 15 7591 Laptop,8,Home User
Lenovo Yoga 510-15IKB 2 in 1 Convertible,1,15.6,B,8,R,WI,2.08,74361,New Inspiron 15 7591 Laptop,8,Home User
Lenovo ThinkPad 13 Notebook,3,13.3,B,8,R,WI,1.44,74438,New Inspiron 15 7591 Laptop,8,Home User
HP Probook 430 Notebook,1,13.3,B,8,R,WI,1.49,74438,New Inspiron 15 7591 Laptop,8,Home User
Dell Vostro 5568 Notebook,1,15.6,C,8,S,WI,1.98,74516,New Inspiron 15 7591 Laptop,8,Home User
Dell Inspiron 5570 Notebook,1,15.6,C,8,R,WI,2.02,75284,New Inspiron 15 7591 Laptop,8,Home User
Toshiba Satellite Pro Notebook,2,13.3,B,8,R,WI,1.5,75446,New Inspiron 15 7591 Laptop,8,Home User
Asus VivoBook S15 Ultrabook,2,15.6,B,8,R,WI,1.7,75757,New Inspiron 15 7591 Laptop,8,Home User
HP ProBook 470 Notebook,1,17.3,B,8,R,WI,2.5,75757,New Inspiron 15 7591 Laptop,8,Home User
Dell XPS 13 Ultrabook,1,13.3,B,8,R,WI,1.22,75912,New Inspiron 15 7591 Laptop,8,Home User
Acer Aspire A715-71G Notebook,1,15.6,D,8,R,LI,2.5,75912,New Inspiron 15 7591 Laptop,8,Home User
Dell Inspiron 5570 Notebook,1,15.6,C,8,R,WI,2.36,75912,New Inspiron 15 7591 Laptop,8,Home User
HP Probook 450 Notebook,3,15.6,B,8,R,WI,2.04,75912,New Inspiron 15 7591 Laptop,8,Home User
Dell Inspiron 5770 Notebook,1,17.3,B,8,R,WI,2.8,75912,New Inspiron 15 7591 Laptop,8,Home User
HP ProBook 640 Notebook,1,14,B,8,R,WI,1.95,75989,New Inspiron 15 7591 Laptop,8,Home User
Dell Inspiron 5570 Notebook,1,15.6,C,8,R,WI,2.2,76377,New Inspiron 15 7591 Laptop,8,Home User
Dell Inspiron 7567 Gaming,1,15.6,C,8,R,WI,2.62,76377,New Inspiron 15 7591 Laptop,8,Home User
HP Probook 440 Notebook,1,14,C,8,R,WI,1.63,76610,New Inspiron 15 7591 Laptop,8,Home User
Acer Swift 7 Ultrabook,1,13.3,C,8,R,WI,1.12,76687,New Inspiron 15 7591 Laptop,8,Home User
Microsoft Surface Laptop Ultrabook,1,13.5,D,4,R,WI,1.252,76687,New Inspiron 15 7591 Laptop,8,Home User
Lenovo ThinkPad L470 Notebook,1,14,B,4,R,WI,2.02,76765,New Inspiron 15 7591 Laptop,8,Home User
MSI GV62M 7RD Gaming,3,15.6,C,8,R,WI,2.2,77377,New Inspiron 15 7591 Laptop,8,Home User
Apple MacBook Air Ultrabook,1,13.3,C,8,R,MA,1.35,77385,New Inspiron 15 7591 Laptop,8,Home User
Lenovo IdeaPad 2S-13IKB Notebook,1,13.3,B,8,R,WI,1.1,77462,New Inspiron 15 7591 Laptop,8,Home User
Acer Spin 5 2 in 1 Convertible,1,13.3,B,8,R,WI,1.6,77462,New Inspiron 15 7591 Laptop,8,Home User
Lenovo Flex 5 2 in 1 Convertible,1,14,B,8,R,WI,1.7,77462,New Inspiron 15 7591 Laptop,8,Home User
Asus FX553VD-FY647T (i7-7700HQ/8GB/256GB/GeForce Gaming,1,15.6,D,8,R,WI,2.5,77462,New Inspiron 15 7591 Laptop,8,Home User
Dell Inspiron 7577 Gaming,1,15.6,C,8,R,WI,2.65,77462,New Inspiron 15 7591 Laptop,8,Home User
Lenovo Legion Y520-15IKBN Gaming,1,15.6,D,4,R,WI,2.4,77462,New Inspiron 15 7591 Laptop,8,Home User
Lenovo IdeaPad Y700-15ACZ Gaming,1,15.6,C,16,R,WI,2.5,77462,New Inspiron 15 7591 Laptop,8,Home User
Lenovo Legion Y520-15IKBN Gaming,1,15.6,C,8,S,WI,2.5,77462,New Inspiron 15 7591 Laptop,8,Home User
Dell Inspiron 7773 2 in 1 Convertible,1,17.3,B,12,R,WI,2.77,77462,New Inspiron 15 7591 Laptop,8,Home User
Xiaomi Mi Notebook Ultrabook,1,13.3,B,8,R,NO,1.3,77532,New Inspiron 15 7591 Laptop,8,Home User
Lenovo ThinkPad T460 Notebook,1,14,B,4,R,WI,1.7,77695,New Inspiron 15 7591 Laptop,8,Home User
Dell Latitude 5580 Notebook,1,15.6,C,8,R,WI,1.9,78201,New Inspiron 15 7591 Laptop,8,Home User
Acer Aspire F5-573G-510L Notebook,2,15.6,B,12,S,WI,2.4,78238,New Inspiron 15 7591 Laptop,8,Home User
Lenovo Thinkpad 13 Notebook,1,13.3,C,8,S,WI,1.4,78315,New Inspiron 15 7591 Laptop,8,Home User
Lenovo Thinkpad E570 Notebook,1,15.6,B,8,R,WI,2.3,78470,New Inspiron 15 7591 Laptop,8,Home User
Lenovo Legion Y520-15IKBN Gaming,1,15.6,C,8,R,NO,2.5,78858,New Inspiron 15 7591 Laptop,8,Home User
HP Probook 470 Notebook,1,17.3,C,8,R,WI,2.5,78936,New Inspiron 15 7591 Laptop,8,Home User
HP ProBook 450 Notebook,2,15.6,C,8,R,WI,2.04,79012,New Inspiron 15 7591 Laptop,8,Home User
Toshiba Tecra A40-C-1E5 Notebook,1,14,B,4,R,WI,1.75,79091,New Inspiron 15 7591 Laptop,8,Home User
Asus ZenBook UX310UQ-GL026T Ultrabook,3,13.3,B,8,R,WI,1.45,79556,New Inspiron 15 7591 Laptop,8,Home User
MSI GV62 7RD-1686NL Gaming,1,15.6,C,8,R,WI,2.2,79691,New Inspiron 15 7591 Laptop,8,Home User
HP Probook 440 Notebook,1,14,C,8,R,WI,1.63,79944,New Inspiron 15 7591 Laptop,8,Home User
Lenovo Yoga 2-13IKB 2 in 1 Convertible,3,13.3,B,8,R,WI,1.3,80176,Dell G5 Gaming Notebook,9,Gamer
Asus Rog GL753VD-GC042T Gaming,1,17.3,D,8,R,WI,3,80564,Dell G5 Gaming Notebook,9,Gamer
Toshiba Satellite Pro Notebook,1,15.6,C,8,R,WI,2.2,80874,Dell G5 Gaming Notebook,9,Gamer
HP Probook 470 Notebook,1,17.3,C,8,R,WI,2.5,81029,Dell G5 Gaming Notebook,9,Gamer
Lenovo Legion Y520-15IKBN Gaming,1,15.6,D,8,R,WI,2.5,81262,Dell G5 Gaming Notebook,9,Gamer
Lenovo ThinkPad E480 Notebook,2,14,B,8,R,WI,1.75,81339,Dell G5 Gaming Notebook,9,Gamer
Asus Zenbook UX430UA Ultrabook,1,14,C,8,S,WI,1.25,81339,Dell G5 Gaming Notebook,9,Gamer
Dell Inspiron 5570 Notebook,1,15.6,C,16,R,LI,2.02,81339,Dell G5 Gaming Notebook,9,Gamer
Dell Inspiron 5579 2 in 1 Convertible,1,15.6,C,8,R,WI,1.56,81339,Dell G5 Gaming Notebook,9,Gamer
Dell Inspiron 7570 Ultrabook,1,15.6,B,8,R,WI,1.9,81339,Dell G5 Gaming Notebook,9,Gamer
Asus VivoBook S15 Ultrabook,1,15.6,C,8,R,WI,1.7,81409,Dell G5 Gaming Notebook,9,Gamer
Lenovo ThinkPad L570 Notebook,2,15.6,B,4,S,WI,2.38,81805,Dell G5 Gaming Notebook,9,Gamer
HP Envy 17-U275cl Notebook,1,17.3,C,16,R,WI,2.9,82115,Dell G5 Gaming Notebook,9,Gamer
Dell Inspiron 5577 Gaming,1,15.6,D,8,S,WI,2.56,82230,Dell G5 Gaming Notebook,9,Gamer
Toshiba Tecra A50-D-11M Notebook,1,15.6,B,8,S,WI,2,82503,Dell G5 Gaming Notebook,9,Gamer
Lenovo Yoga 910-13IKB 2 in 1 Convertible,1,13.9,C,8,S,WI,1.38,83666,Dell G5 Gaming Notebook,9,Gamer
Lenovo Legion Y520-15IKBN Gaming,1,15.6,D,16,R,WI,2.5,83666,Dell G5 Gaming Notebook,9,Gamer
HP EliteBook 840 Ultrabook,1,14,C,4,S,WI,1.48,83898,Dell G5 Gaming Notebook,9,Gamer
HP Probook 440 Notebook,1,14,C,8,R,WI,1.63,84053,Dell G5 Gaming Notebook,9,Gamer
Dell Inspiron 5770 Notebook,1,17.3,B,8,R,WI,2.8,84131,Dell G5 Gaming Notebook,9,Gamer
Dell Inspiron 5770 Notebook,1,17.3,C,8,R,WI,2.8,84131,Dell G5 Gaming Notebook,9,Gamer
Microsoft Surface Laptop Ultrabook,1,13.5,B,4,R,WI,1.252,84441,Dell G5 Gaming Notebook,9,Gamer
Dell Latitude 5480 Notebook,3,14,C,8,R,LI,1.64,84441,Dell G5 Gaming Notebook,9,Gamer
MSI GL62M (i5-7300HQ/8GB/1TB Gaming,1,15.6,C,8,R,WI,2.2,84441,Dell G5 Gaming Notebook,9,Gamer
Toshiba Tecra X40-D-10Z Ultrabook,1,14,B,4,S,WI,1.25,84519,Dell G5 Gaming Notebook,9,Gamer
Asus ZenBook UX410UA-GV183T Notebook,1,14,C,8,R,WI,2,84829,Dell G5 Gaming Notebook,9,Gamer
Lenovo Thinkpad T460 Ultrabook,1,14,B,4,R,WI,1.7,84984,Dell G5 Gaming Notebook,9,Gamer
Dell Latitude 5590 Ultrabook,1,15.6,B,8,R,WI,1.88,84996,Dell G5 Gaming Notebook,9,Gamer
Lenovo Thinkpad T570 Notebook,2,15.6,C,8,R,WI,1.95,85061,Dell G5 Gaming Notebook,9,Gamer
Lenovo Thinkpad X260 Ultrabook,1,12.5,B,8,R,WI,1.3,85216,Dell G5 Gaming Notebook,9,Gamer
Apple MacBook Air Ultrabook,1,13.3,C,8,S,MA,1.35,85216,Dell G5 Gaming Notebook,9,Gamer
Dell Latitude 5480 Ultrabook,1,14,C,8,R,LI,1.6,85216,Dell G5 Gaming Notebook,9,Gamer
Asus ZenBook UX430UA Ultrabook,1,14,C,8,R,WI,1.25,85216,Dell G5 Gaming Notebook,9,Gamer
Lenovo IdeaPad 2S-14IKB Notebook,1,14,B,8,R,WI,1.5,85216,Dell G5 Gaming Notebook,9,Gamer
HP Omen 15-AX205na Gaming,1,15.6,D,8,R,WI,2.2,85216,Dell G5 Gaming Notebook,9,Gamer
HP 15-cb003na (i5-7300HQ/8GB/1TB Notebook,1,15.6,C,8,R,WI,2.2,85216,Dell G5 Gaming Notebook,9,Gamer
Dell Inspiron 7559 Gaming,1,15.6,C,16,S,WI,2.72,85216,Dell G5 Gaming Notebook,9,Gamer
Asus Pro P2540UA-XS51 Notebook,1,15.6,B,8,S,WI,2.37,85216,Dell G5 Gaming Notebook,9,Gamer
Asus ZenBook Flip 2 in 1 Convertible,1,15.6,C,12,S,WI,2.26,85216,Dell G5 Gaming Notebook,9,Gamer
Dell Inspiron 7567 Gaming,1,15.6,D,8,S,WI,2.62,85216,Dell G5 Gaming Notebook,9,Gamer
Dell Inspiron 5770 Notebook,3,17.3,C,8,R,LI,2.8,85216,Dell G5 Gaming Notebook,9,Gamer
HP ProBook 430 Notebook,1,13.3,C,8,R,WI,1.49,85527,Dell G5 Gaming Notebook,9,Gamer
Toshiba Tecra Z40-C-12X Notebook,3,14,B,4,R,WI,1.47,85682,Dell G5 Gaming Notebook,9,Gamer
Lenovo Legion Y520-15IKBN Gaming,3,15.6,D,8,R,WI,2.5,85992,Dell G5 Gaming Notebook,9,Gamer
Lenovo ThinkPad E480 Notebook,1,14,B,8,S,WI,1.75,86536,Dell G5 Gaming Notebook,9,Gamer
Dell Latitude 5580 Notebook,1,15.6,B,8,R,WI,1.9,86611,Dell G5 Gaming Notebook,9,Gamer
Asus VivoBook S15 Notebook,1,15.6,C,8,R,WI,1.7,86690,Dell G5 Gaming Notebook,9,Gamer
HP Envy 13-ad009n Ultrabook,1,13.3,C,8,R,WI,1.38,86767,Dell G5 Gaming Notebook,9,Gamer
Dell Latitude 5480 Notebook,3,14,B,8,S,WI,1.6,86767,Dell G5 Gaming Notebook,9,Gamer
Toshiba Tecra A50-C-1ZV Notebook,1,15.6,B,8,R,WI,2.2,86767,Dell G5 Gaming Notebook,9,Gamer
MSI GL62M 7RD Gaming,1,15.6,C,8,R,WI,2.2,86838,Dell G5 Gaming Notebook,9,Gamer
HP ProBook 650 Notebook,1,14,C,8,R,WI,2.31,87155,Dell G5 Gaming Notebook,9,Gamer
Dell Latitude 5480 Notebook,1,14,B,8,S,WI,1.6,87365,Dell G5 Gaming Notebook,9,Gamer
Asus Zenbook UX330UA-AH5Q Ultrabook,1,13.3,B,8,S,WI,1.2,87543,Dell G5 Gaming Notebook,9,Gamer
Lenovo Legion Y520-15IKBN Gaming,1,15.6,D,16,R,WI,2.4,87543,Dell G5 Gaming Notebook,9,Gamer
Dell Inspiron 7570 Notebook,1,15.6,C,8,R,WI,2.16,87646,Dell G5 Gaming Notebook,9,Gamer
Asus Zenbook 3 Ultrabook,1,14,B,8,S,WI,1.1,88008,Dell G5 Gaming Notebook,9,Gamer
Dell Inspiron 5570 Notebook,1,15.6,C,16,R,WI,2.2,88008,Dell G5 Gaming Notebook,9,Gamer
Dell Inspiron 5770 Notebook,1,17.3,C,8,R,WI,2.8,88551,Dell G5 Gaming Notebook,9,Gamer
Dell Inspiron 5570 Notebook,1,15.6,C,8,R,WI,2.02,88582,Dell G5 Gaming Notebook,9,Gamer
Dell Inspiron 7570 Notebook,1,15.6,B,8,R,WI,2,88609,Dell G5 Gaming Notebook,9,Gamer
HP Elitebook 850 Notebook,1,15.6,B,8,R,WI,1.84,88706,Dell G5 Gaming Notebook,9,Gamer
Lenovo ThinkPad E580 Notebook,1,15.6,B,8,S,WI,2.1,88745,Dell G5 Gaming Notebook,9,Gamer
HP Envy 13-AB020nr Ultrabook,1,13.3,C,8,S,WI,1.34,88783,Dell G5 Gaming Notebook,9,Gamer
Asus VivoBook Pro Notebook,1,17.3,C,8,R,WI,2.1,88783,Dell G5 Gaming Notebook,9,Gamer
HP Envy 13-AB077cl Ultrabook,1,13.3,C,8,S,WI,1.39,89093,Dell G5 Gaming Notebook,9,Gamer
HP ProBook 640 Notebook,2,14,B,4,R,WI,1.95,89093,Dell G5 Gaming Notebook,9,Gamer
Dell Latitude 5490 Ultrabook,1,14,B,8,R,WI,1.6,89093,Dell G5 Gaming Notebook,9,Gamer
Lenovo Legion Y520-15IKBN Gaming,1,15.6,D,8,R,NO,2.4,89093,Dell G5 Gaming Notebook,9,Gamer
Asus ZenBook UX310UA-FB485T Notebook,1,13.3,B,8,S,WI,1.4,89171,Dell G5 Gaming Notebook,9,Gamer
HP ZBook 15u Notebook,1,15.6,B,8,S,WI,1.9,89481,Dell G5 Gaming Notebook,9,Gamer
Apple Macbook Air Ultrabook,1,13.3,C,8,R,MA,1.34,89846,Dell G5 Gaming Notebook,9,Gamer
Asus Chromebook Flip 2 in 1 Convertible,1,12.5,D,8,S,CH,1.2,89869,Dell G5 Gaming Notebook,9,Gamer
Dell Inspiron 7577 Gaming,1,15.6,D,8,R,WI,2.62,89869,Dell G5 Gaming Notebook,9,Gamer
"Apple MacBook 12"" Ultrabook",1,12,D,8,S,MA,0.92,90334,Dell Inspiron 7374,10,Data Scientist
HP Probook 650 Notebook,3,15.6,B,8,R,WI,2.31,90334,Dell Inspiron 7373 ,10,Data Scientist
Asus FX753VD-GC007T (i7-7700HQ/8GB/1TB Gaming,1,17.3,D,8,R,WI,3,90567,Dell Inspiron 7375,10,Data Scientist
Asus ROG GL553VE-FY022 Gaming,1,15.6,D,8,R,NO,2.5,90644,Dell Inspiron 7376,10,Data Scientist
Dell Latitude 5480 Notebook,1,14,C,8,R,WI,1.64,91420,Dell Inspiron 7378,10,Data Scientist
Lenovo Legion Y520-15IKBN Gaming,2,15.6,D,16,R,WI,2.5,91420,Dell Inspiron 7377,10,Data Scientist
Dell Latitude 5580 Notebook,3,15.6,C,8,S,WI,1.9,91420,Dell Inspiron 7379,10,Data Scientist
Toshiba Tecra A40-C-1DF Notebook,1,14,B,8,R,WI,1.95,91497,Dell Inspiron 7380,10,Data Scientist
Dell Inspiron 5567 Notebook,1,15.6,C,16,Q,WI,2.3,91596,Dell Inspiron 7381,10,Data Scientist
Lenovo Thinkpad T460 Notebook,1,14,B,8,S,WI,1.7,91962,Dell Inspiron 7382,10,Data Scientist
Asus FX753VD-GC071T (i7-7700HQ/8GB/1TB/GeForce Gaming,1,17.3,D,8,R,WI,3,92040,Dell Inspiron 7383,10,Data Scientist
Lenovo Legion Y520-15IKBN Gaming,1,15.6,D,8,R,WI,2.5,92195,Dell Inspiron 7384,10,Data Scientist
Lenovo Thinkpad T460p Notebook,1,14,B,8,S,WI,1.8,92350,Dell Inspiron 7386,10,Data Scientist
HP Omen 17-w212nv Gaming,1,17.3,D,8,R,WI,3.35,92350,Dell Inspiron 7385,10,Data Scientist
MSI GL62M 7REX Gaming,1,15.6,D,8,R,WI,2.2,92412,Dell Inspiron 7387,10,Data Scientist
Asus UX430UQ-GV209R (i7-7500U/8GB/256GB/GeForce Ultrabook,3,14,C,8,R,WI,1.3,92505,Dell Inspiron 7388,10,Data Scientist
Toshiba Portege Z30-C-1CV Notebook,1,13.3,B,4,R,WI,1.2,92660,Dell Inspiron 7390,10,Data Scientist
Dell Inspiron 7577 Gaming,3,15.6,C,8,R,WI,2.65,92660,Dell Inspiron 7389,10,Data Scientist
Lenovo IdeaPad Y700-15ISK Gaming,1,15.6,C,8,S,WI,3.31,92738,Dell Inspiron 7391,10,Data Scientist
HP Probook 430 Notebook,1,13.3,C,16,R,WI,1.49,92815,Dell Inspiron 7392,10,Data Scientist
Lenovo Yoga 900-13ISK 2 in 1 Convertible,1,13.3,B,8,S,WI,1.3,92970,Dell Inspiron 7396,10,Data Scientist
Xiaomi Mi Notebook Notebook,1,15.6,B,8,R,NO,1.95,92970,Dell Inspiron 7393,10,Data Scientist
MSI GP62M Leopard Gaming,3,15.6,D,8,R,WI,2.2,92970,Dell Inspiron 7394,10,Data Scientist
MSI GL62M 7RD Gaming,3,15.6,C,8,S,WI,2.4,92970,Dell Inspiron 7397,10,Data Scientist
MSI GL72M 7REX Gaming,1,17.3,D,8,R,WI,2.7,92970,Dell Inspiron 7395,10,Data Scientist
HP ProBook 470 Notebook,3,17.3,C,8,R,WI,2.63,93048,Dell Inspiron 7398,10,Data Scientist
Dell Latitude 5480 Notebook,2,14,C,8,S,WI,1.6,93436,Dell Inspiron 7399,10,Data Scientist
Dell Inspiron 7560 Notebook,1,15.6,C,8,R,WI,2,93591,Dell Inspiron 7400,10,Data Scientist
Toshiba Portege Z30-C-16J Notebook,1,13.3,B,8,S,WI,1.2,94056,Dell Inspiron 7401,10,Data Scientist
Lenovo ThinkPad E480 Ultrabook,0,14,C,8,S,WI,1.75,94241,Dell Inspiron 7402,10,Data Scientist
HP EliteBook 850 Notebook,1,15.6,C,8,S,WI,1.84,94521,Dell Inspiron 7403,10,Data Scientist
Dell Inspiron 5570 Notebook,1,15.6,C,16,R,WI,2.2,94540,Dell Inspiron 7404,10,Data Scientist
Asus ZenBook UX510UX-CN211T Notebook,1,15.6,C,8,S,WI,2,94909,Dell Inspiron 7405,10,Data Scientist
Dell Latitude E7470 Notebook,3,14,B,8,R,WI,1.56,95297,Dell Inspiron 7406,10,Data Scientist
Lenovo ThinkPad E580 Notebook,1,15.6,C,8,S,WI,2.1,95340,Dell Inspiron 7407,10,Data Scientist
HP EliteBook 820 Ultrabook,1,12.5,B,4,S,WI,1.26,96460,Dell Inspiron 7408,10,Data Scientist
Lenovo Legion Y520-15IKBN Gaming,3,15.6,D,8,R,WI,2.5,96847,Dell Inspiron 7409,10,Data Scientist
HP Omen 15-ce007nv Gaming,3,15.6,D,12,S,WI,2.62,96847,Dell Inspiron 7410,10,Data Scientist
Dell Inspiron 5577 Gaming,1,15.6,D,16,R,WI,2.56,96868,Dell Inspiron 7411,10,Data Scientist
Toshiba Tecra Z50-D-10E Notebook,1,15.6,B,8,S,WI,2,97545,Dell Inspiron 7412,10,Data Scientist
Asus VivoBook S15 Ultrabook,3,15.6,C,16,R,WI,1.5,97855,Dell Inspiron 7413,10,Data Scientist
Dell Inspiron 7570 Notebook,1,15.6,C,8,R,WI,2.16,97855,Dell Inspiron 7414,10,Data Scientist
"Apple MacBook 12"" Ultrabook",1,12,D,8,S,MA,0.92,97886,Dell Inspiron 7415,10,Data Scientist
HP Probook 640 Notebook,2,14,B,4,S,WI,1.95,98088,Dell Inspiron 7417,10,Data Scientist
Asus GL553VE-FY082T (i7-7700HQ/8GB/1TB Gaming,1,15.6,D,8,R,WI,2.5,98088,Dell Inspiron 7416,10,Data Scientist
Dell XPS 13 Ultrabook,3,13.3,C,8,S,WI,1.3,98321,Dell Inspiron 7419,10,Data Scientist
HP EliteBook 840 Notebook,1,14,C,8,R,WI,1.48,98321,Dell Inspiron 7418,10,Data Scientist
HP ZBook 15u Notebook,1,15.6,C,8,S,WI,1.9,98398,Dell Inspiron 7421,10,Data Scientist
Asus Rog G752VL-UH71T Gaming,1,17.3,C,24,S,WI,4.33,98398,Dell Inspiron 7420,10,Data Scientist
HP Probook 470 Notebook,1,17.3,C,16,R,WI,2.5,98553,Dell Inspiron 7422,10,Data Scientist
Google Pixelbook (Core Ultrabook,1,12.3,C,8,R,CH,1.1,98864,Dell Inspiron 7423,10,Data Scientist
Dell Inspiron 5379 2 in 1 Convertible,1,13.3,C,16,R,WI,1.62,99174,Dell Inspiron 7424,10,Data Scientist
Asus G701VO-IH74K (i7-6820HK/32GB/2x Gaming,3,17.3,C,32,S,WI,3.58,99174,Dell Inspiron 7425,10,Data Scientist
Dell Latitude 5480 Notebook,1,14,C,8,S,WI,1.64,99230,Dell Inspiron 7426,10,Data Scientist
HP ProBook 470 Notebook,1,17.3,C,8,R,WI,2.63,99251,Dell Inspiron 7427,10,Data Scientist
Toshiba Portege X30-D-10X Notebook,3,13.3,B,4,S,WI,1.05,99639,Dell Inspiron 7428,10,Data Scientist
HP Elitebook 840 Notebook,1,14,C,8,R,WI,1.48,100182,Dell Latitude 5590 Ultrabook,11,Executive
MSI GP62 7RDX Gaming,3,15.6,D,16,S,WI,2.4,100337,Dell Latitude 5590 Ultrabook,11,Executive
HP EliteBook 850 Ultrabook,3,15.6,C,8,S,WI,1.84,100569,Dell Latitude 5590 Ultrabook,11,Executive
Dell Latitude 5590 Ultrabook,1,15.6,C,8,S,WI,1.88,100647,Dell Latitude 5590 Ultrabook,11,Executive
Lenovo Yoga 700-11ISK 2 in 1 Convertible,2,11.3,D,8,S,WI,1.1,100724,Dell Latitude 5590 Ultrabook,11,Executive
Acer Aspire VX5-591G Gaming,3,15.6,C,16,S,WI,2.5,100724,Dell Latitude 5590 Ultrabook,11,Executive
MSI GP62M 7REX Gaming,3,15.6,D,16,S,WI,2.2,100724,Dell Latitude 5590 Ultrabook,11,Executive
Lenovo Legion Y2-15IKB Gaming,1,15.6,D,8,S,WI,3.2,100724,Dell Latitude 5590 Ultrabook,11,Executive
Asus Zenbook UX510UW-FI095T Notebook,1,15.6,C,8,S,WI,2,100724,Dell Latitude 5590 Ultrabook,11,Executive
Asus ZenBook Pro Notebook,3,15.6,C,12,S,WI,2.06,100724,Dell Latitude 5590 Ultrabook,11,Executive
Dell Inspiron 7579 2 in 1 Convertible,2,15.6,C,12,S,WI,2.19,100724,Dell Latitude 5590 Ultrabook,11,Executive
Lenovo Yoga 2-15IKB 2 in 1 Convertible,1,15.6,D,8,S,WI,2,100724,Dell Latitude 5590 Ultrabook,11,Executive
Dell Inspiron 5770 Notebook,1,17.3,C,16,R,WI,2.8,100724,Dell Latitude 5590 Ultrabook,11,Executive
Asus Rog Strix Gaming,2,17.3,D,8,S,WI,3.2,100724,Dell Latitude 5590 Ultrabook,11,Executive
HP Elitebook 850 Notebook,1,15.6,C,8,S,WI,1.84,101112,Dell Latitude 5590 Ultrabook,11,Executive
Asus ZenBook Flip 2 in 1 Convertible,1,13.3,B,8,S,WI,1.1,101965,Dell Latitude 5590 Ultrabook,11,Executive
HP Envy 13-AB002nv Ultrabook,1,13.3,C,8,S,WI,1.34,102585,Dell Latitude 5590 Ultrabook,11,Executive
Asus UX510UX-CN269T (i7-7500U/8GB/256GB Notebook,1,14,C,8,R,WI,2,103438,Dell Latitude 5590 Ultrabook,11,Executive
HP Elitebook 820 Ultrabook,1,12.5,C,8,R,WI,1.26,103516,Dell Latitude 5590 Ultrabook,11,Executive
Asus FX502VM-DM560T (i7-7700HQ/8GB/1TB Gaming,1,15.6,D,8,S,WI,2.24,103826,Dell Latitude 5590 Ultrabook,11,Executive
Apple MacBook Pro Ultrabook,1,13.3,C,8,S,MA,1.37,103880,Dell Latitude 5590 Ultrabook,11,Executive
Microsoft Surface Laptop Ultrabook,3,13.5,B,8,S,WI,1.252,103904,Dell Latitude 5590 Ultrabook,11,Executive
Lenovo ThinkPad L470 Notebook,1,14,B,8,S,WI,2.02,103904,Dell Latitude 5590 Ultrabook,11,Executive
Lenovo ThinkPad T470 Notebook,1,14,B,8,S,WI,1.65,104291,Dell Latitude 5590 Ultrabook,11,Executive
MSI GL72M 7REX Gaming,3,17.3,D,8,S,WI,2.7,104561,Dell Latitude 5590 Ultrabook,11,Executive
Huawei MateBook X Ultrabook,1,13,B,8,S,WI,1.05,104601,Dell Latitude 5590 Ultrabook,11,Executive
HP Spectre 13-V111dx Ultrabook,3,13.3,C,8,S,WI,1.11,104601,Dell Latitude 5590 Ultrabook,11,Executive
Lenovo Yoga 910-13IKB 2 in 1 Convertible,1,13.9,C,8,S,WI,1.38,104601,Dell Latitude 5590 Ultrabook,11,Executive
HP EliteBook 850 Notebook,3,15.6,C,8,R,WI,1.84,104601,Dell Latitude 5590 Ultrabook,11,Executive
Dell Inspiron 7577 Gaming,1,15.6,D,16,S,WI,2.65,104601,Dell Latitude 5590 Ultrabook,11,Executive
Dell Inspiron 7567 Gaming,1,15.6,D,16,S,WI,2.6,104601,Dell Latitude 5590 Ultrabook,11,Executive
Lenovo ThinkPad T560 Notebook,2,15.6,B,8,S,WI,2.3,104601,Dell Latitude 5590 Ultrabook,11,Executive
MSI Leopard GP72M Gaming,1,17.3,D,8,S,WI,2.7,104601,Dell Latitude 5590 Ultrabook,11,Executive
Asus VivoBook Pro Gaming,1,15.6,D,8,T,WI,1.99,104679,Dell Latitude 5590 Ultrabook,11,Executive
Asus ZenBook Flip 2 in 1 Convertible,3,13.3,B,8,S,WI,1.1,105299,Dell Latitude 5590 Ultrabook,11,Executive
Toshiba Portege Z30-C-16L Ultrabook,1,13.3,C,8,S,WI,1.2,105687,Dell Latitude 5590 Ultrabook,11,Executive
Lenovo Thinkpad T470 Notebook,1,14,B,8,R,WI,1.7,105765,Dell Latitude 5590 Ultrabook,11,Executive
Dell Precision 3510 Workstation,1,15.6,B,8,S,WI,2.23,106152,Dell Latitude 5590 Ultrabook,11,Executive
Dell Latitude 5580 Notebook,1,15.6,C,8,S,WI,1.93,106152,Dell Latitude 5590 Ultrabook,11,Executive
Asus Rog GL753VD-GC082T Gaming,2,17.3,C,12,R,WI,2.2,106222,Dell Latitude 5590 Ultrabook,11,Executive
Dell Latitude 5580 Notebook,1,15.6,C,8,R,WI,1.9,106773,Dell Latitude 5590 Ultrabook,11,Executive
Dell XPS 13 Ultrabook,1,13.3,C,8,S,WI,1.23,106928,Dell Latitude 5590 Ultrabook,11,Executive
HP Omen 17-W295 Gaming,1,17.3,D,16,S,WI,3.35,106928,Dell Latitude 5590 Ultrabook,11,Executive
Toshiba Tecra A50-D-11D Notebook,1,15.6,C,8,S,WI,2,107626,Dell Latitude 5590 Ultrabook,11,Executive
HP EliteBook 820 Netbook,1,12.5,C,8,S,WI,1.26,107703,Dell Latitude 5590 Ultrabook,11,Executive
HP EliteBook 850 Ultrabook,1,15.6,C,8,S,WI,1.84,107703,Dell Latitude 5590 Ultrabook,11,Executive
Dell Inspiron 5770 Notebook,1,17.3,C,16,R,WI,2.8,108246,Dell Latitude 5590 Ultrabook,11,Executive
Lenovo Legion Y520-15IKBN Gaming,1,15.6,D,16,S,NO,2.4,108401,Dell Latitude 5590 Ultrabook,11,Executive
HP Spectre X360 Ultrabook,1,13.3,C,8,R,WI,1.32,108478,Dell Latitude 5590 Ultrabook,11,Executive
Lenovo ThinkPad Yoga 2 in 1 Convertible,1,13.3,B,8,S,WI,1.37,108478,Dell Latitude 5590 Ultrabook,11,Executive
HP Envy x360 2 in 1 Convertible,2,13.3,C,16,S,WI,1.42,108478,Dell Latitude 5590 Ultrabook,11,Executive
Dell XPS 13 Ultrabook,1,13.3,C,8,S,WI,1.2,108478,Dell Latitude 5590 Ultrabook,11,Executive
HP Spectre x360 2 in 1 Convertible,1,13.3,B,8,S,WI,1.26,108478,Dell Latitude 5590 Ultrabook,11,Executive
Dell XPS 13 Ultrabook,1,13.3,B,8,S,WI,1.23,108478,Dell Latitude 5590 Ultrabook,11,Executive
Lenovo Legion Y2-15IKB Gaming,1,15.6,D,8,S,WI,3.2,108478,Dell Latitude 5590 Ultrabook,11,Executive
Toshiba Tecra Z50-C-144 Notebook,1,15.6,C,8,S,WI,2.2,108478,Dell Latitude 5590 Ultrabook,11,Executive
HP Omen 17-W006na Gaming,2,17.3,B,8,S,WI,2.75,108478,Dell Latitude 5590 Ultrabook,11,Executive
Xiaomi Mi Notebook Notebook,1,15.6,C,16,S,NO,1.95,108552,Dell Latitude 5590 Ultrabook,11,Executive
Toshiba Tecra A50-C-21G Notebook,1,15.6,C,16,R,WI,2.4,108789,Dell Latitude 5590 Ultrabook,11,Executive
Asus ROG GL703VD-GC028T Gaming,1,17.3,D,16,S,WI,2.9,109099,Dell Latitude 5590 Ultrabook,11,Executive
MSI GP72MVR 7RFX Gaming,1,17.3,D,8,S,WI,2.7,109254,Dell Latitude 5590 Ultrabook,11,Executive
Apple MacBook Pro Ultrabook,1,13.3,C,8,S,MA,1.37,110029,Dell Latitude 5590 Ultrabook,11,Executive
Dell Latitude 5580 Notebook,3,15.6,C,16,S,WI,1.93,110623,Dell Latitude 5590 Ultrabook,11,Executive
Dell Latitude 7480 Notebook,1,14,C,8,S,WI,1.36,110650,Dell Latitude 5590 Ultrabook,11,Executive
HP ProBook 650 Notebook,1,15.6,D,8,S,WI,2.31,110650,Dell Latitude 5590 Ultrabook,11,Executive
Lenovo ThinkPad X270 Ultrabook,1,12.5,B,8,S,WI,1.36,110805,Dell Latitude 5590 Ultrabook,11,Executive
Dell XPS 13 Ultrabook,1,13.3,C,8,R,WI,1.2,112355,Dell Latitude 5590 Ultrabook,11,Executive
Asus FX503VM-E4007T (i7-7700HQ/16GB/1TB Gaming,1,15.6,D,16,S,WI,2.2,112355,Dell Latitude 5590 Ultrabook,11,Executive
Dell XPS 13 Ultrabook,2,13.3,B,8,S,WI,1.2,112425,Dell Latitude 5590 Ultrabook,11,Executive
Toshiba Portege Z30-C-1CW Notebook,1,13.3,B,8,S,WI,1.2,113208,Dell Latitude 5590 Ultrabook,11,Executive
Lenovo ThinkPad T470 Notebook,3,14,B,8,S,WI,1.65,113596,Dell Latitude 5590 Ultrabook,11,Executive
HP EliteBook 840 Ultrabook,1,14,C,8,S,WI,1.54,113829,Dell Latitude 5590 Ultrabook,11,Executive
Asus ZenBook UX530UQ-PRO Ultrabook,1,15.6,C,16,R,WI,1.63,113829,Dell Latitude 5590 Ultrabook,11,Executive
Dell Latitude 7280 Ultrabook,3,12.5,B,8,P,WI,1.36,114154,Dell Latitude 5590 Ultrabook,11,Executive
Lenovo Thinkpad T470p Notebook,1,14,C,8,S,WI,1.7,114294,Dell Latitude 5590 Ultrabook,11,Executive
Toshiba Portege X30-D-10V Notebook,1,13.3,B,8,S,WI,1.05,114372,Dell Latitude 5590 Ultrabook,11,Executive
Dell Inspiron 7567 Gaming,1,15.6,D,16,S,WI,2.62,114682,Dell Latitude 5590 Ultrabook,11,Executive
Lenovo Thinkpad T470 Notebook,3,14,C,8,S,WI,1.58,114759,Dell Latitude 5590 Ultrabook,11,Executive
HP Elitebook 820 Netbook,3,12.5,C,8,S,WI,1.26,114992,Dell Latitude 5590 Ultrabook,11,Executive
MSI GP72VR Leopard Gaming,1,17.3,D,8,S,WI,2.7,115284,Dell Latitude 5590 Ultrabook,11,Executive
Lenovo Thinkpad T460 Ultrabook,2,14,C,8,S,WI,1.7,115456,Dell Latitude 5590 Ultrabook,11,Executive
Asus ZenBook UX430UN Ultrabook,1,14,C,16,S,WI,1.3,115922,Dell Latitude 5590 Ultrabook,11,Executive
HP Omen 17-AN010nv Gaming,1,17.3,D,16,S,WI,3.78,116155,Dell Latitude 5590 Ultrabook,11,Executive
Huawei MateBook X Ultrabook,1,13,C,8,S,WI,1.05,116232,Dell Latitude 5590 Ultrabook,11,Executive
Dell XPS 13 Ultrabook,1,13.3,B,8,S,WI,1.29,116232,Dell Latitude 5590 Ultrabook,11,Executive
Samsung Notebook 9 Ultrabook,1,13.3,B,8,S,WI,0.81,116232,Dell Latitude 5590 Ultrabook,11,Executive
Asus ZenBook Flip 2 in 1 Convertible,1,13.3,C,8,S,WI,1.1,116232,Dell Latitude 5590 Ultrabook,11,Executive
HP Spectre x360 2 in 1 Convertible,1,13.3,B,8,S,WI,1.29,116232,Dell Latitude 5590 Ultrabook,11,Executive
Lenovo Yoga 730 2 in 1 Convertible,3,13.3,C,8,S,WI,1.19,116232,Dell Latitude 5590 Ultrabook,11,Executive
Lenovo ThinkPad T470s Ultrabook,3,14,B,8,S,WI,1.32,116232,Dell Latitude 5590 Ultrabook,11,Executive
Lenovo Legion Y2-15IKB Gaming,1,15.6,D,16,S,WI,3.2,116232,Dell Latitude 5590 Ultrabook,11,Executive
Dell Inspiron 7577 Gaming,1,15.6,D,16,S,WI,2.65,116232,Dell Latitude 5590 Ultrabook,11,Executive
HP EliteBook 1040 Ultrabook,1,14,C,8,S,WI,1.43,116310,Dell Latitude 5590 Ultrabook,11,Executive
Asus FX753VE-GC155T (i7-7700HQ/16GB/1TB Gaming,1,17.3,D,16,S,WI,3,116620,Dell Latitude 5590 Ultrabook,11,Executive
"Apple MacBook 12"" Ultrabook",1,12,C,8,S,MA,0.92,117085,Dell Latitude 5590 Ultrabook,11,Executive
Apple MacBook Pro Ultrabook,1,13.3,C,8,S,MA,1.37,117748,Dell Latitude 5590 Ultrabook,11,Executive
Asus FX753VD-GC461T (i7-7700HQ/16GB/1TB Gaming,1,17.3,D,16,S,WI,2.9,118559,Dell Latitude 5590 Ultrabook,11,Executive
HP ProBook 650 Workstation,1,15.6,D,8,S,WI,2.31,118946,Dell Latitude 5590 Ultrabook,11,Executive
Toshiba Portege Z30-C-16Z Notebook,2,13.3,B,8,S,WI,1.2,119024,Dell Latitude 5590 Ultrabook,11,Executive
Toshiba Tecra X40-D-10G Notebook,1,14,B,8,S,WI,1.25,119024,Dell Latitude 5590 Ultrabook,11,Executive
Dell Latitude 5580 Notebook,1,15.6,C,16,S,WI,1.93,119209,Dell Latitude 5590 Ultrabook,11,Executive
Asus Rog Strix Gaming,1,17.3,D,16,S,WI,3.2,120109,Dell New XPS 13 XPS 9370,12,Programmer
Dell Inspiron 7773 Notebook,1,17.3,C,16,S,WI,2.77,120109,Dell New XPS 13 XPS 9371,12,Programmer
Google Pixelbook (Core Ultrabook,1,12.3,C,8,S,CH,1.1,120885,Dell New XPS 13 XPS 9372,12,Programmer
HP ZBook 15 Workstation,1,15.6,C,8,S,WI,2.59,121040,Dell New XPS 13 XPS 9373,12,Programmer
HP EliteBook 820 Ultrabook,3,12.5,B,4,S,WI,1.26,122436,Dell New XPS 13 XPS 9374,12,Programmer
Dell XPS 13 Ultrabook,0,13.3,C,8,S,WI,1.2,122436,Dell New XPS 13 XPS 9375,12,Programmer
Lenovo Thinkpad X270 Ultrabook,1,12.5,C,8,S,WI,1.36,122823,Dell New XPS 13 XPS 9376,12,Programmer
Asus Rog GL753VE-GC070T Gaming,1,17.3,D,16,S,WI,3,123366,Dell New XPS 13 XPS 9377,12,Programmer
Samsung Notebook 9 Ultrabook,1,13.3,C,8,S,WI,1.31,123986,Dell New XPS 13 XPS 9379,12,Programmer
Dell XPS 13 Ultrabook,1,13.3,B,8,S,WI,1.21,123986,Dell New XPS 13 XPS 9380,12,Programmer
Lenovo Yoga 920-13IKB 2 in 1 Convertible,1,13.9,B,8,S,WI,1.4,123986,Dell New XPS 13 XPS 9381,12,Programmer
MSI GE72VR 6RF Gaming,2,17.3,D,16,S,WI,2.7,123986,Dell New XPS 13 XPS 9378,12,Programmer
Dell Latitude 5590 Ultrabook,1,15.6,C,16,S,WI,1.88,124681,Dell New XPS 13 XPS 9382,12,Programmer
Dell XPS 13 Ultrabook,1,13.3,B,8,S,WI,1.21,126313,Dell New XPS 13 XPS 9383,12,Programmer
Dell Latitude 7480 Ultrabook,2,14,B,8,S,WI,1.36,127088,Dell New XPS 13 XPS 9384,12,Programmer
Dell XPS 13 Ultrabook,1,13.3,C,8,R,WI,1.21,127863,Dell New XPS 13 XPS 9385,12,Programmer
Dell XPS 13 2 in 1 Convertible,2,13.3,C,16,S,WI,1.22,127863,Dell New XPS 13 XPS 9387,12,Programmer
Samsung Notebook 9 Ultrabook,1,13.3,C,16,S,WI,0.81,127863,Dell New XPS 13 XPS 9388,12,Programmer
Asus ROG Strix Gaming,1,15.6,C,8,S,WI,2.3,127863,Dell New XPS 13 XPS 9386,12,Programmer
Lenovo Thinkpad X270 Ultrabook,1,12.5,C,8,S,WI,1.36,127941,Dell New XPS 13 XPS 9390,12,Programmer
Lenovo ThinkPad T470s Notebook,1,14,C,8,S,WI,1.32,127941,Dell New XPS 13 XPS 9389,12,Programmer
Asus ROG Strix Gaming,1,15.6,D,8,S,WI,2.3,128329,Dell New XPS 13 XPS 9391,12,Programmer
HP EliteBook 820 Netbook,1,12.5,B,8,S,WI,1.26,129414,Dell New XPS 13 XPS 9392,12,Programmer
Dell Latitude 5289 2 in 1 Convertible,1,12.5,B,8,S,WI,1.34,129492,Dell New XPS 13 XPS 9393,12,Programmer
Toshiba Portege X30-D-10J Notebook,1,13.3,B,8,R,WI,1.05,129647,Dell New XPS 13 XPS 9394,12,Programmer
Lenovo Thinkpad T460s Ultrabook,3,14,C,12,S,WI,1.4,129724,Dell New XPS 13 XPS 9395,12,Programmer
Dell Inspiron 7567 Gaming,1,15.6,D,16,S,WI,2.62,130190,Dell New XPS 13 XPS 9396,12,Programmer
Dell Latitude 7480 Ultrabook,1,14,C,8,P,WI,1.36,130267,Dell New XPS 13 XPS 9397,12,Programmer
Lenovo ThinkPad X1 Ultrabook,1,14,C,8,S,WI,1.17,130782,Dell New XPS 13 XPS 9398,12,Programmer
Dell Latitude 7280 Ultrabook,2,12.5,C,8,S,WI,1.6,131043,Dell New XPS 13 XPS 9399,12,Programmer
Asus Rog Strix Gaming,1,17.3,D,8,S,WI,3.2,131430,Dell New XPS 13 XPS 9400,12,Programmer
Samsung Notebook 9 Ultrabook,2,15,C,8,S,WI,1.17,131740,Dell New XPS 13 XPS 9403,12,Programmer
Lenovo Yoga 2-15IKB 2 in 1 Convertible,1,15.6,D,8,S,WI,2,131740,Dell New XPS 13 XPS 9401,12,Programmer
Samsung Notebook Odyssey Notebook,1,15.6,D,16,S,WI,2.5,131740,Dell New XPS 13 XPS 9404,12,Programmer
HP Omen 17-an006nv Gaming,1,17.3,D,12,S,WI,3.78,131740,Dell New XPS 13 XPS 9402,12,Programmer
HP EliteBook x360 2 in 1 Convertible,3,13.3,B,4,S,WI,1.28,131818,Dell New XPS 13 XPS 9405,12,Programmer
Lenovo ThinkPad T570 Notebook,1,15.6,C,8,S,WI,1.99,134067,Dell New XPS 13 XPS 9406,12,Programmer
HP Zbook 15 Workstation,1,15.6,D,8,S,WI,2.6,134785,Dell New XPS 13 XPS 9407,12,Programmer
Toshiba Portege Z30-C-16P Ultrabook,1,13.3,C,16,S,WI,1.2,135462,Dell New XPS 13 XPS 9408,12,Programmer
Asus Zenbook Flip Ultrabook,1,13.3,C,16,S,WI,1.1,135610,Dell New XPS 13 XPS 9409,12,Programmer
HP EliteBook 840 Notebook,1,14,C,8,R,WI,1.48,135617,Dell New XPS 13 XPS 9410,12,Programmer
Lenovo Yoga 910-13IKB 2 in 1 Convertible,1,14,C,16,S,WI,1.38,135617,Dell New XPS 13 XPS 9414,12,Programmer
Lenovo Legion Y2-15IKB Gaming,1,15.6,D,16,S,WI,3.2,135617,Dell New XPS 13 XPS 9412,12,Programmer
Dell XPS 15 Notebook,1,15.6,C,8,S,WI,2.06,135617,Dell New XPS 13 XPS 9415,12,Programmer
Asus Rog GL753VE-DS74 Gaming,3,17.3,D,16,S,WI,2.99,135617,Dell New XPS 13 XPS 9411,12,Programmer
HP Omen 17-an012dx Gaming,1,17.3,D,12,S,WI,3.74,135617,Dell New XPS 13 XPS 9413,12,Programmer
HP Elitebook 1040 Ultrabook,1,14,C,8,S,WI,1.36,135695,Dell New XPS 13 XPS 9416,12,Programmer
Lenovo Thinkpad Yoga 2 in 1 Convertible,1,13.3,C,8,S,WI,1.37,136270,Dell New XPS 13 XPS 9417,12,Programmer
Lenovo ThinkPad X270 Ultrabook,1,12.5,C,8,S,WI,1.36,136470,Dell New XPS 13 XPS 9418,12,Programmer
Dell Precision 3520 Workstation,1,15.6,D,8,T,WI,2.06,136703,Dell New XPS 13 XPS 9419,12,Programmer
Toshiba Tecra Z40-C-161 Ultrabook,1,14,C,16,S,WI,1.47,136781,Dell New XPS 13 XPS 9420,12,Programmer
Asus ROG Strix Gaming,1,17.3,C,8,S,WI,2.73,137246,Dell New XPS 13 XPS 9421,12,Programmer
Dell Latitude 7480 Ultrabook,3,14,C,8,S,WI,1.36,137634,Dell New XPS 13 XPS 9422,12,Programmer
Dell Precision 3520 Workstation,2,15.6,D,8,T,WI,2.23,137866,Dell New XPS 13 XPS 9423,12,Programmer
Toshiba Portege X20W-D-10V Ultrabook,3,12.5,C,8,S,WI,1.1,138797,Dell New XPS 13 XPS 9424,12,Programmer
Lenovo Thinkpad X270 Ultrabook,1,12.5,C,16,R,WI,1.36,139417,Dell New XPS 13 XPS 9425,12,Programmer
Razer Blade Stealth Ultrabook,1,12.5,C,16,S,WI,1.29,139494,Dell New XPS 13 XPS 9433,12,Programmer
HP EliteBook x360 2 in 1 Convertible,1,13.3,B,4,S,WI,1.28,139494,Dell New XPS 13 XPS 9434,12,Programmer
Lenovo Yoga 900-13ISK 2 in 1 Convertible,2,13.3,C,16,S,WI,1.3,139494,Dell New XPS 13 XPS 9436,12,Programmer
Microsoft Surface Laptop Ultrabook,1,13.5,C,8,S,WI,1.25,139494,Dell New XPS 13 XPS 9437,12,Programmer
Lenovo ThinkPad T470s Ultrabook,2,14,B,8,S,WI,1.32,139494,Dell New XPS 13 XPS 9435,12,Programmer
Samsung Notebook 9 2 in 1 Convertible,1,15,C,16,R,WI,1.71,139494,Dell New XPS 13 XPS 9426,12,Programmer
Asus Rog GL553VE-DS74 Gaming,1,15.6,D,16,S,WI,2.5,139494,Dell New XPS 13 XPS 9427,12,Programmer
MSI GE63VR 7RE Gaming,3,15.6,D,16,S,WI,2.4,139494,Dell New XPS 13 XPS 9429,12,Programmer
Asus Q534UX-BHI7T19 (i7-7500U/16GB/2TB 2 in 1 Convertible,3,15.6,C,16,S,WI,2.3,139494,Dell New XPS 13 XPS 9431,12,Programmer
HP Omen 15-ce006nv Gaming,1,17.3,D,12,S,WI,2.62,139494,Dell New XPS 13 XPS 9428,12,Programmer
Asus Rog GL702VM-GC017T Gaming,2,17.3,C,16,S,WI,2.73,139494,Dell New XPS 13 XPS 9430,12,Programmer
Asus ROG G752VSK-GC493T Gaming,1,17.3,D,16,S,WI,4.3,139494,Dell New XPS 13 XPS 9432,12,Programmer
Apple MacBook Pro Ultrabook,1,13.3,B,8,S,MA,1.37,139851,Dell New XPS 13 XPS 9438,12,Programmer
Dell XPS 15 Notebook,1,15.6,D,8,S,WI,2,141123,Dell New XPS 13 XPS 9439,12,Programmer
Lenovo ThinkPad Yoga 2 in 1 Convertible,3,13.3,B,8,S,WI,1.37,141511,Dell New XPS 13 XPS 9440,12,Programmer
Dell XPS 15 Notebook,1,15.6,D,8,T,WI,2,141821,Dell New XPS 13 XPS 9441,12,Programmer
Dell Latitude 7390 Ultrabook,1,13.3,B,8,S,WI,1.42,142817,Dell New XPS 13 XPS 9442,12,Programmer
Dell Inspiron 7577 Gaming,1,15.6,D,16,S,WI,2.65,143061,Dell New XPS 13 XPS 9443,12,Programmer
Lenovo Yoga 920-13IKB 2 in 1 Convertible,1,13.9,C,16,R,WI,1.4,143371,Dell New XPS 13 XPS 9444,12,Programmer
Lenovo Yoga 920-13IKB 2 in 1 Convertible,1,13.9,C,8,R,WI,1.37,143371,Dell New XPS 13 XPS 9445,12,Programmer
Samsung Notebook 9 Ultrabook,2,15,C,16,R,WI,1.23,143371,Dell New XPS 13 XPS 9446,12,Programmer
Lenovo ThinkPad P51s Workstation,1,15.6,C,16,T,WI,2.18,143837,Dell New XPS 13 XPS 9447,12,Programmer
Lenovo Thinkpad T460s Ultrabook,1,14,C,12,S,WI,1.4,144069,Dell New XPS 13 XPS 9448,12,Programmer
Dell Latitude 7280 Ultrabook,1,12.5,C,16,T,WI,1.18,144147,Dell New XPS 13 XPS 9450,12,Programmer
Lenovo Thinkpad T470s Ultrabook,1,14,C,8,T,WI,1.32,144147,Dell New XPS 13 XPS 9449,12,Programmer
HP ZBook 17 Workstation,1,17.3,C,8,S,WI,3.14,144301,Dell New XPS 13 XPS 9451,12,Programmer
Toshiba Tecra X40-D-10H Ultrabook,3,14,C,16,S,WI,1.24,144612,Dell New XPS 13 XPS 9452,12,Programmer
Microsoft Surface Laptop Ultrabook,1,13.5,C,8,S,WI,1.252,144833,Dell New XPS 13 XPS 9453,12,Programmer
Dell XPS 13 Ultrabook,1,13.3,C,16,S,WI,1.2,144922,Dell New XPS 13 XPS 9454,12,Programmer
Dell XPS 13 Ultrabook,1,13.3,B,8,S,WI,1.23,144922,Dell New XPS 13 XPS 9455,12,Programmer
HP EliteBook 840 Ultrabook,1,14,C,8,S,WI,1.54,145000,Dell New XPS 13 XPS 9456,12,Programmer
Asus Zenbook 3 Ultrabook,1,14,C,8,S,WI,1.1,145232,Dell New XPS 13 XPS 9457,12,Programmer
Lenovo ThinkPad X1 Ultrabook,3,14,B,8,S,WI,1.13,145388,Dell New XPS 13 XPS 9458,12,Programmer
Toshiba Portege Z30T-C-133 Ultrabook,1,13.3,C,16,S,WI,1.36,145543,Dell New XPS 13 XPS 9459,12,Programmer
MSI GE73VR 7RE Gaming,1,17.3,D,16,S,WI,2.8,146551,Dell New XPS 13 XPS 9460,12,Programmer
MSI GS43VR 7RE Gaming,1,14,D,16,S,WI,1.6,146628,Dell New XPS 13 XPS 9461,12,Programmer
Dell XPS 13 2 in 1 Convertible,1,13.3,C,8,S,WI,1.24,147248,Dell New XPS 13 XPS 9463,12,Programmer
Dell XPS 13 2 in 1 Convertible,3,13.3,C,16,S,WI,1.22,147248,Dell New XPS 13 XPS 9464,12,Programmer
LG Gram 14Z970 Ultrabook,1,14,C,8,S,WI,0.98,147248,Dell New XPS 13 XPS 9465,12,Programmer
Asus Rog GL502VM-DS74 Gaming,2,15.6,D,16,S,WI,2.1,147248,Dell New XPS 13 XPS 9462,12,Programmer
Lenovo Yoga 2-15IKB 2 in 1 Convertible,1,15.6,D,16,S,WI,2,147248,Dell New XPS 13 XPS 9466,12,Programmer
Dell XPS 15 Notebook,1,15.6,D,16,S,WI,2.06,147248,Dell New XPS 13 XPS 9467,12,Programmer
Asus ZenBook 3 Ultrabook,1,14,C,16,S,WI,1.1,147326,Dell New XPS 13 XPS 9469,12,Programmer
HP EliteBook 850 Notebook,1,15.6,B,8,S,WI,1.84,147326,Dell New XPS 13 XPS 9468,12,Programmer
Lenovo ThinkPad T470p Ultrabook,3,14,D,8,T,WI,1.96,147559,Dell New XPS 13 XPS 9470,12,Programmer
HP EliteBook Folio Netbook,3,12.5,D,8,S,WI,0.97,147946,Dell New XPS 13 XPS 9472,12,Programmer
HP ZBook 17 Workstation,1,17.3,D,8,S,WI,3.14,147946,Dell New XPS 13 XPS 9471,12,Programmer
Lenovo ThinkPad P51 Workstation,1,15.6,D,8,S,WI,2.67,149265,Dell New XPS 13 XPS 9473,12,Programmer
Acer Predator 17 Gaming,3,17.3,C,16,T,WI,4.2,150040,Alienware Gaming AW17R5-7405SLV-PUS,13,Gamer
Lenovo Thinkpad T470p Ultrabook,1,14,D,8,T,WI,1.7,150660,Alienware Gaming AW17R5-7405SLV-PUS,13,Gamer
Dell XPS 13 Ultrabook,1,13.3,C,8,T,WI,1.21,151125,Alienware Gaming AW17R5-7405SLV-PUS,13,Gamer
Asus Zenbook UX390UA Ultrabook,3,12.5,C,16,S,WI,0.91,151203,Alienware Gaming AW17R5-7405SLV-PUS,13,Gamer
Lenovo ThinkPad Yoga 2 in 1 Convertible,2,13.3,C,8,S,WI,1.37,151203,Alienware Gaming AW17R5-7405SLV-PUS,13,Gamer
Apple MacBook Pro Ultrabook,1,13.3,C,8,S,MA,1.37,151893,Alienware Gaming AW17R5-7405SLV-PUS,13,Gamer
Dell Latitude E7470 Ultrabook,3,14,C,8,S,WI,1.5,152209,Alienware Gaming AW17R5-7405SLV-PUS,13,Gamer
Lenovo ThinkPad T570 Notebook,1,15.6,B,8,S,WI,1.95,152210,Alienware Gaming AW17R5-7405SLV-PUS,13,Gamer
HP EliteBook 1030 Ultrabook,1,13.3,D,16,S,WI,1.16,152366,Alienware Gaming AW17R5-7405SLV-PUS,13,Gamer
Lenovo ThinkPad Yoga 2 in 1 Convertible,1,13.3,C,8,T,WI,1.37,152754,Alienware Gaming AW17R5-7405SLV-PUS,13,Gamer
HP EliteBook x360 2 in 1 Convertible,1,13.3,C,16,S,WI,1.28,153142,Alienware Gaming AW17R5-7405SLV-PUS,13,Gamer
Dell Precision 3520 Workstation,1,15.6,C,16,T,WI,2.17,153142,Alienware Gaming AW17R5-7405SLV-PUS,13,Gamer
Toshiba Tecra Z50-C-140 Notebook,3,15.6,C,16,T,WI,2.4,153142,Alienware Gaming AW17R5-7405SLV-PUS,13,Gamer
Asus ZenBook Pro Ultrabook,1,15.6,D,16,T,WI,1.8,153762,Alienware Gaming AW17R5-7405SLV-PUS,13,Gamer
Dell Precision 3520 Workstation,1,15.6,D,8,T,WI,2.23,154537,Alienware Gaming AW17R5-7405SLV-PUS,13,Gamer
HP Spectre x360 2 in 1 Convertible,1,13.3,C,8,T,WI,1.29,155002,Alienware Gaming AW17R5-7405SLV-PUS,13,Gamer
HP Omen 17-w207nv Gaming,1,17.3,D,12,T,WI,3.35,155002,Alienware Gaming AW17R5-7405SLV-PUS,13,Gamer
Dell XPS 13 2 in 1 Convertible,1,13.3,C,8,S,WI,1.24,156096,Alienware Gaming AW17R5-7405SLV-PUS,13,Gamer
HP EliteBook Folio Ultrabook,1,12.5,D,8,S,WI,0.97,156166,Alienware Gaming AW17R5-7405SLV-PUS,13,Gamer
Lenovo ThinkPad Yoga 2 in 1 Convertible,1,13.3,C,8,T,WI,1.37,157019,Alienware Gaming AW17R5-7405SLV-PUS,13,Gamer
Dell XPS 15 Notebook,1,15.6,D,16,S,WI,2.06,157206,Alienware Gaming AW17R5-7405SLV-PUS,13,Gamer
MSI GE72MVR 7RG Gaming,1,17.3,D,16,T,WI,2.9,157329,Alienware Gaming AW17R5-7405SLV-PUS,13,Gamer
Apple MacBook Pro Ultrabook,1,13.3,B,8,T,MA,1.37,158182,Alienware Gaming AW17R5-7405SLV-PUS,13,Gamer
Dell Alienware 17 Notebook,1,17.3,D,8,T,WI,4.42,158647,Alienware Gaming AW17R5-7405SLV-PUS,13,Gamer
Lenovo ThinkPad X1 Ultrabook,3,14,C,8,T,WI,1.13,158879,Alienware Gaming AW17R5-7405SLV-PUS,13,Gamer
Asus Rog Strix Gaming,3,17.3,D,16,T,WI,2.73,158949,Alienware Gaming AW17R5-7405SLV-PUS,13,Gamer
Dell Alienware 15 Gaming,1,15.6,C,16,T,WI,3.21,159035,Alienware Gaming AW17R5-7405SLV-PUS,13,Gamer
HP ZBook 17 Workstation,1,15.6,D,8,T,WI,3.14,160112,Alienware Gaming AW17R5-7405SLV-PUS,13,Gamer
Lenovo Thinkpad P51 Notebook,1,15.6,D,8,T,WI,2.67,162059,Alienware Gaming AW17R5-7405SLV-PUS,13,Gamer
MSI GS63VR 7RF Gaming,3,15.6,D,16,T,WI,1.8,162406,Alienware Gaming AW17R5-7405SLV-PUS,13,Gamer
Lenovo Yoga 920-13IKB 2 in 1 Convertible,1,13.9,C,16,T,WI,1.4,162756,Alienware Gaming AW17R5-7405SLV-PUS,13,Gamer
Lenovo Thinkpad X1 Ultrabook,1,14,C,16,S,WI,1.1,162756,Alienware Gaming AW17R5-7405SLV-PUS,13,Gamer
LG Gram 15Z970 Ultrabook,1,15.6,C,16,S,WI,1.08,162756,Alienware Gaming AW17R5-7405SLV-PUS,13,Gamer
MSI GE63VR 7RF Gaming,1,15.6,D,16,T,WI,2.8,162756,Alienware Gaming AW17R5-7405SLV-PUS,13,Gamer
Asus Rog GL702VS-GC095T Gaming,1,17.3,D,16,T,WI,2.9,164540,Alienware Gaming AW17R5-7405SLV-PUS,13,Gamer
Dell Precision 5520 Workstation,1,15.6,C,8,T,WI,2,165548,Alienware Gaming AW17R5-7405SLV-PUS,13,Gamer
Apple MacBook Pro Ultrabook,1,15.4,C,16,T,MA,2.04,165933,Alienware Gaming AW17R5-7405SLV-PUS,13,Gamer
Google Pixelbook (Core Ultrabook,1,12.3,C,16,S,CH,1.1,170510,Alienware Gaming AW17R5-7405SLV-PUS,13,Gamer
MSI Laptop MSI Gaming,1,17.3,C,16,S,WI,4.14,170510,Alienware Gaming AW17R5-7405SLV-PUS,13,Gamer
Asus Rog Strix Gaming,1,17.3,D,16,S,WI,3.25,170510,Alienware Gaming AW17R5-7405SLV-PUS,13,Gamer
Dell XPS 13 Ultrabook,3,13.3,C,16,T,WI,1.29,173690,Alienware Gaming AW17R5-7405SLV-PUS,13,Gamer
MSI GS63VR 7RG Gaming,1,15.6,D,16,T,WI,1.8,173806,Alienware Gaming AW17R5-7405SLV-PUS,13,Gamer
HP ZBook Studio Workstation,1,15.6,C,8,S,WI,2,174387,Alienware Gaming AW17R5-7405SLV-PUS,13,Gamer
MSI GE73VR 7RF Gaming,1,17.3,D,16,T,WI,2.8,174387,Alienware Gaming AW17R5-7405SLV-PUS,13,Gamer
MSI GT62VR 7RE Gaming,1,15.6,D,16,T,WI,2.94,175850,Alienware Gaming AW17R5-7405SLV-PUS,13,Gamer
HP EliteBook x360 2 in 1 Convertible,2,13.3,B,8,S,WI,1.28,176559,Alienware Gaming AW17R5-7405SLV-PUS,13,Gamer
Lenovo Thinkpad X1 Ultrabook,1,14,C,8,T,WI,1.13,176946,Alienware Gaming AW17R5-7405SLV-PUS,13,Gamer
Lenovo ThinkPad T470s Ultrabook,1,14,C,16,T,WI,1.7,178264,Alienware Gaming AW17R5-7405SLV-PUS,13,Gamer
LG Gram 15Z975 Ultrabook,3,15.6,C,8,S,WI,1.09,178264,Alienware Gaming AW17R5-7405SLV-PUS,13,Gamer
MSI GS63VR 7RF Gaming,1,15.6,D,16,T,WI,1.8,178264,Alienware Gaming AW17R5-7405SLV-PUS,13,Gamer
Acer Predator G9-793 Gaming,1,17.3,D,16,T,WI,4.2,178264,Alienware Gaming AW17R5-7405SLV-PUS,13,Gamer
Lenovo ThinkPad X1 2 in 1 Convertible,1,14,B,8,T,WI,1.42,180668,New Alienware M 15,14,Gamer
Dell Precision 3520 Workstation,1,15.6,C,16,T,WI,2.17,181289,New Alienware M 15,14,Gamer
MSI GT80S 6QE Gaming,1,17.3,C,16,T,WI,4.5,182141,New Alienware M 15,14,Gamer
Asus Rog G752VS-BA171T Gaming,1,17.3,C,16,T,WI,4.3,182219,New Alienware M 15,14,Gamer
Lenovo Thinkpad P50 Notebook,1,15.6,C,16,T,WI,2.5,183770,New Alienware M 15,14,Gamer
Lenovo ThinkPad T470s Ultrabook,1,14,C,24,T,WI,1.32,184700,New Alienware M 15,14,Gamer
Dell XPS 15 Notebook,1,15.6,D,16,S,WI,2.06,185863,New Alienware M 15,14,Gamer
Dell XPS 15 Notebook,1,15.6,D,16,S,WI,2.06,186018,New Alienware M 15,14,Gamer
Dell Precision M5520 Workstation,1,15.6,D,8,T,WI,1.78,186716,New Alienware M 15,14,Gamer
MSI GE72MVR 7RG Gaming,1,17.3,D,16,T,WI,2.9,187259,New Alienware M 15,14,Gamer
Apple MacBook Pro Ultrabook,3,15.6,D,16,T,WI,2.6,187569,New Alienware M 15,14,Gamer
Asus Rog GL702VS-BA023T Gaming,2,17.3,D,16,T,WI,2.9,187569,New Alienware M 15,14,Gamer
Apple MacBook Pro Ultrabook,1,15.4,C,16,T,MA,1.83,189195,New Alienware M 15,14,Gamer
Lenovo Thinkpad T570 Workstation,1,15.6,C,16,R,WI,2.3,189585,New Alienware M 15,14,Gamer
HP Spectre x360 2 in 1 Convertible,1,13.3,C,16,T,WI,1.29,189895,New Alienware M 15,14,Gamer
Lenovo Thinkpad P51 Notebook,1,15.6,D,16,T,WI,2.5,189895,New Alienware M 15,14,Gamer
MSI GS73VR 7RG Gaming,3,17.3,D,16,T,WI,2.43,189895,New Alienware M 15,14,Gamer
Lenovo ThinkPad X1 Ultrabook,1,14,C,16,T,WI,1.14,189973,New Alienware M 15,14,Gamer
Dell Alienware 17 Gaming,1,17.3,D,16,T,WI,4.42,190465,New Alienware M 15,14,Gamer
Dell XPS 13 Ultrabook,1,13.3,C,16,T,WI,1.21,193772,New Alienware M 15,14,Gamer
Lenovo ThinkPad X1 2 in 1 Convertible,1,14,C,16,S,WI,1.36,193772,New Alienware M 15,14,Gamer
Lenovo Thinkpad X1 Ultrabook,1,14,C,8,T,WI,1.13,193772,New Alienware M 15,14,Gamer
MSI GT73EVR 7RE Gaming,1,17.3,D,16,T,WI,4.14,193772,New Alienware M 15,14,Gamer
Dell Alienware 17 Gaming,1,17.3,D,16,T,WI,4.36,194239,New Alienware M 15,14,Gamer
Lenovo ThinkPad X1 2 in 1 Convertible,1,14,C,16,T,WI,1.42,194548,New Alienware M 15,14,Gamer
Apple MacBook Pro Ultrabook,1,15.4,C,16,T,MA,1.83,196754,New Alienware M 15,14,Gamer
HP EliteBook x360 2 in 1 Convertible,1,13.3,C,8,T,WI,1.28,198425,New Alienware M 15,14,Gamer
Microsoft Surface Laptop Ultrabook,1,13.5,C,16,T,WI,1.25,200751,New Alienware M 15,14,Gamer
Lenovo ThinkPad X1 2 in 1 Convertible,1,14,C,8,T,WI,1.42,200829,New Alienware M 15,14,Gamer
Razer Blade Pro Gaming,1,14,D,16,T,WI,1.95,201526,New Alienware M 15,14,Gamer
Lenovo Thinkpad X1 Ultrabook,1,14,C,16,T,WI,1.13,203543,New Alienware M 15,14,Gamer
Dell XPS 15 Notebook,1,15.6,D,32,T,WI,2.06,204628,New Alienware M 15,14,Gamer
MSI GS73VR Stealth Gaming,3,17.3,C,16,T,WI,2.43,205403,New Alienware M 15,14,Gamer
Lenovo IdeaPad Y910-17ISK Gaming,1,17.3,C,32,T,WI,4.6,206489,New Alienware M 15,14,Gamer
Dell Alienware 17 Gaming,1,17.3,D,16,T,WI,4.42,209280,New Alienware M 15,14,Gamer
Dell Precision M5520 Workstation,1,15.6,D,8,T,WI,1.78,210288,New Alienware M 15,14,Gamer
MSI GT73VR Titan Gaming,1,17.3,D,16,T,WI,4.14,211607,New Alienware M 15,14,Gamer
Dell Alienware 17 Gaming,3,17.3,C,16,T,WI,4.36,213855,New Alienware M 15,14,Gamer
Dell Alienware 15 Gaming,1,15.6,D,16,T,WI,3.21,215145,New Alienware M 15,14,Gamer
Toshiba Portege X30-D-10L Ultrabook,1,13.3,C,32,R,WI,1.05,217034,New Alienware M 15,14,Gamer
Dell Alienware 17 Gaming,1,17.3,D,16,T,WI,4.42,217034,New Alienware M 15,14,Gamer
Asus ROG G701VI Gaming,1,17.3,C,32,T,WI,3.8,217034,New Alienware M 15,14,Gamer
MSI GT80S 6QF-074US Gaming,1,18.4,C,32,T,WI,4.4,217034,New Alienware M 15,14,Gamer
Dell Alienware 17 Gaming,1,17.3,C,32,T,WI,4.42,217112,New Alienware M 15,14,Gamer
Dell Alienware 15 Gaming,3,15.6,D,16,T,WI,3.49,218178,New Alienware M 15,14,Gamer
Lenovo Thinkpad Yoga 2 in 1 Convertible,1,14,C,16,T,WI,1.42,218973,New Alienware M 15,14,Gamer
Apple MacBook Pro Ultrabook,1,15.4,C,16,T,MA,1.83,221609,New Alienware M 15,14,Gamer
Dell Alienware 17 Gaming,1,15.6,D,16,T,WI,4.42,222461,New Alienware M 15,14,Gamer
Dell Precision 72 Workstation,1,17.3,D,16,T,WI,3.42,223692,New Alienware M 15,14,Gamer
Razer Blade Pro Gaming,1,14,D,16,T,WI,1.95,224788,New Alienware M 15,14,Gamer
Asus ROG Zephyrus Gaming,1,15.6,D,24,T,WI,2.24,230139,New Alienware M 15,14,Gamer
Lenovo Thinkpad P71 Notebook,1,17.3,D,8,T,WI,3.4,232542,New Alienware M 15,14,Gamer
Asus Rog G701VIK-BA060T Gaming,1,17.3,D,16,T,WI,3.6,232542,New Alienware M 15,14,Gamer
Dell Alienware 17 Gaming,1,17.3,D,16,T,WI,4.42,233610,New Alienware M 15,14,Gamer
Dell Precision 7520 Workstation,1,15.6,D,16,T,WI,2.8,236885,New Alienware M 15,14,Gamer
Dell Alienware 17 Gaming,3,17.3,D,32,T,WI,4.42,238272,New Alienware M 15,14,Gamer
HP Elitebook Folio Ultrabook,1,12.5,D,8,S,WI,1.09,240374,New Alienware M 15,14,Gamer
Dell Alienware 17 Gaming,1,17.3,D,32,T,WI,4.42,244047,New Alienware M 15,14,Gamer
Dell Alienware 17 Gaming,1,17.3,D,32,T,WI,4.42,244173,New Alienware M 15,14,Gamer
Dell Alienware 17 Gaming,2,17.3,D,16,T,WI,4.36,244561,New Alienware M 15,14,Gamer
Lenovo Thinkpad P51s Workstation,1,15.6,C,16,T,WI,2.5,255804,New Alienware M 15,14,Gamer
Dell Alienware 17 Gaming,1,17.3,D,32,T,WI,4.42,278276,New Alienware M 15,14,Gamer
Asus ROG G703VI-E5062T Gaming,1,17.3,D,32,T,WI,4.7,301631,New Alienware M 15,14,Gamer
HP Zbook 17 Workstation,1,17.3,D,16,T,WI,3,340323,New Alienware M 15,14,Gamer
Lenovo Thinkpad P51 Notebook,1,15.6,D,32,T,WI,2.5,379868,New Alienware M 15,14,Gamer
Razer Blade Pro Gaming,1,17.3,D,32,T,WI,3.49,426392,New Alienware M 15,14,Gamer
Razer Blade Pro Gaming,1,17.3,D,32,T,WI,3.49,472916,New Alienware M 15,14,Gamer
Asus Vivobook E200HA Netbook,1,11.6,A,2,P,WI,0.98,j,Dell Inspiron 3565 Laptop,1,Home User